Date,Close,High,Low,Open,Volume,rolling_20_mean,is_9_days_prior_to_event,signal
2016-01-04,23.75315284729004,23.75766318946608,22.99783223080675,23.135368423920035,270597600,,0,0
2016-01-05,23.15791893005371,23.865891395773357,23.09027926758266,23.84334484161634,223164000,,0,0
2016-01-06,22.70471954345703,23.08125394699571,22.517581647305203,22.67315403228967,273829600,,0,0
2016-01-07,21.746477127075195,22.57620283984095,21.74196850545963,22.249273586684012,324377600,,0,0
2016-01-08,21.86147117614746,22.3462298068249,21.81637807011819,22.21996773378956,283192000,,0,0
2016-01-11,22.21545791625977,22.334956198234902,21.947149284524944,22.314664816099555,198957600,,0,0
2016-01-12,22.53787422180176,22.70246729894013,22.285348398855252,22.670901786095747,196616800,,0,0
2016-01-13,21.958417892456055,22.815200473070544,21.938126515429893,22.61904189419429,249758400,,0,0
2016-01-14,22.43866539001465,22.65511705954085,21.586393176948658,22.08693443736933,252680400,,0,0
2016-01-15,21.899803161621097,22.030575593337915,21.500723791951696,21.690116924624103,319335600,,0,0
2016-01-19,21.7938289642334,22.24251168137656,21.53228416336344,22.18839961644163,212350800,,0,0
2016-01-20,21.823137283325195,22.13879411984888,21.06330639285927,21.442094252649422,289337600,,0,0
2016-01-21,21.7126522064209,22.068891702803576,21.406014414964,21.884007303853764,208646000,,0,0
2016-01-22,22.86705780029297,22.876076763652687,22.179378615980323,22.23799929753143,263202000,,0,0
2016-01-25,22.420637130737305,22.891866498657187,22.368778505656337,22.88961132708187,207178000,,0,0
2016-01-26,22.544641494750977,22.745308737463674,22.111741491608417,22.53111390721268,300308000,,0,0
2016-01-27,21.063304901123047,21.787059886927032,21.045266975698283,21.654034057349705,533478800,0.03325311663336662,0,0
2016-01-28,21.21436882019043,21.31132051985927,20.831072363001763,21.14672917961133,222715200,-0.01061188336663337,0,0
2016-01-29,21.947141647338867,21.947141647338867,21.27299012576287,21.372196991080568,257666000,-0.01979605003330004,0,0
2016-02-01,21.741966247558594,21.805097264768634,21.509733554168285,21.750985210044487,163774000,-0.0037680500333000396,0,0
2016-02-02,21.302309036254883,21.654040078890674,21.25721421015303,21.51424869826253,149428800,0.00914159282384282,0,0
2016-02-03,21.723926544189453,21.8344058152628,21.212112936400175,21.41954389602105,183857200,0.033459926157176155,0,0
2016-02-04,21.898483276367188,22.06396947259922,21.57884792409105,21.730731401623157,185886800,0.04890165692640691,0,0
2016-02-05,21.31361961364746,21.97102794813434,21.238812432834692,21.880350638286867,185672400,0.028251656926406927,0,0
2016-02-08,21.53804588317871,21.694462466550164,21.091461568607453,21.111863054884942,216085600,0.04104276803751803,0,0
2016-02-09,21.533512115478516,21.748870948433105,21.293218707923213,21.374828116060087,177324800,0.0090994347041847,0,0
2016-02-10,21.370290756225582,21.841811340568256,21.33175346517059,21.74433354408901,169374400,,0,0
2016-02-11,21.24108123779297,21.472308498410772,20.989452487457992,21.26148445703623,200298800,0.0078469347041847,0,0
2016-02-12,21.30681610107422,21.42242969799724,21.084658539407094,21.352155614340887,161405600,0.016328684704184696,0,0
2016-02-16,21.907546997070312,21.955152179618764,21.447361836243363,21.540304793735505,196231600,-0.0008574819624819722,0,0
2016-02-17,22.24305534362793,22.263456826183887,21.79647111052017,21.914350378625155,179452800,-0.020531767676767676,0,0
2016-02-18,21.82141494750977,22.4176154472399,21.78287591793644,22.40628013333138,156084000,-0.02182301767676768,0,0
2016-02-19,21.771533966064453,21.93475273827098,21.717128285170748,21.762466064327935,141496800,0.004187815656565649,0,0
2016-02-22,21.961957931518555,21.9664927478139,21.744333446534984,21.83274333951188,137123200,-0.0023716843434343445,0,0
2016-02-23,21.465505599975582,21.87581832284174,21.4337687998382,21.85314942696159,127770400,0.0020011944444444352,0,0
2016-02-24,21.785139083862305,21.848612678525644,21.154934494668073,21.304552307396584,145022800,0.01188590873015872,0,0
2016-02-25,21.934757232666016,21.934757232666016,21.59245122245748,21.7738058352963,110330800,0.009268408730158714,0,0
2016-02-26,21.96875762939453,22.22038456002593,21.893948734855904,22.034496892385544,115964400,0.006234242063492057,0,0
2016-02-29,21.918888092041016,22.26799458575054,21.909820188753347,21.957425383869325,140865200,0.017107908730158723,0,0
2016-03-01,22.789392471313477,22.84379817683555,22.084378790263653,22.136518816470023,201628400,,0,0
2016-03-02,22.839256286621097,22.870993080071727,22.58762761745856,22.784850602066513,132678400,-0.018714591269841277,0,0
2016-03-03,23.009281158447266,23.056886360197492,22.77125342017019,22.800724542343627,147822800,-0.05247709126984128,0,0
2016-03-04,23.35158348083496,23.51933536446856,22.97980810114662,23.20650049020174,184220400,-0.05081059126984126,0,0
2016-03-07,23.09315490722656,23.310779398939523,22.886863997551092,23.211034191665604,143315600,-0.041034341269841276,0,0
2016-03-08,22.90273094177246,23.06821714064854,22.75991536458328,22.846057846606428,126247600,-0.05381711904761906,0,0
2016-03-09,22.92313575744629,23.027414052296553,22.73044583679451,22.966206136705175,108806800,-0.010839619047619048,0,0
2016-03-10,22.934467315673828,23.177028089350504,22.703241852632512,22.98887473129285,134054400,-0.020636285714285715,0,0
2016-03-11,23.18156623840332,23.186099325593872,23.009279523223285,23.17703142168694,109632800,-0.005307535714285719,0,0
2016-03-14,23.24049949645996,23.328911106160273,23.072747637862136,23.10221875093738,100304400,0.01847246428571428,1,1
2016-03-15,23.707494735717773,23.84350984776227,23.542008500887547,23.5669448065404,160270800,0.03538549999999999,1,1
2016-03-16,24.02259063720703,24.0996652125511,23.70975406086211,23.71428887677972,153214000,0.051670499999999994,1,1
2016-03-17,23.984060287475582,24.135943803666237,23.79363774293908,23.92058495294607,137682800,0.014977999999999995,1,1
2016-03-18,24.011259078979492,24.1427410887273,23.845774592163977,24.10646947382068,176820800,0.023478999999999983,1,1
2016-03-21,24.00899124145508,24.403435505706756,23.834437137081917,24.013524328147923,142010800,0.03345638095238094,1,1
2016-03-22,24.192611694335938,24.32182628508781,23.850305707439503,23.85937361041647,129777600,0.031093919413919396,0,0
2016-03-23,24.058856964111328,24.271948313107668,24.006718695436863,24.13820066522291,102814000,0.0450489194139194,0,0
2016-03-24,23.95458221435547,24.08606420344629,23.777762443280135,23.90924443237095,104532000,0.054667252747252724,0,0
2016-03-28,23.845773696899418,24.072466092977475,23.8163025785128,24.02939398427441,77645600,0.05648922244422243,0,0
2016-03-29,24.410236358642575,24.435172659633167,23.775496981742304,23.77776438988481,124760400,0.07369047244422242,0,0
2016-03-30,24.836416244506836,25.031371826883497,24.61879177035917,24.630127081007466,182404400,0.08827297244422243,0,0
2016-03-31,24.70719337463379,24.913484198489613,24.68225708318913,24.87267951517335,103553600,0.07660980577755575,0,0
2016-04-01,24.933897018432617,24.93616442673863,24.528117407945324,24.659599417281587,103496000,0.10225355577755577,0,0
2016-04-04,25.190052032470703,25.432612753503253,24.99736217064351,25.03136636564391,149424800,0.09498955577755577,0,0
2016-04-05,24.89308738708496,25.10164567179377,24.80467750544146,24.82508071710366,106314800,0.11945122244422242,0,0
2016-04-06,25.153783798217773,25.158318613905184,24.754804764472112,24.988299345661485,105616400,0.10312747244422245,0,0
2016-04-07,24.605186462402344,25.031367433279193,24.50997609596049,24.924821758178663,127207600,0.13767580577755575,0,0
2016-04-08,24.632396697998047,24.88402366760454,24.5213161781653,24.68906979727061,94326800,0.16270330577755573,0,0
2016-04-11,24.71400451660156,25.07444632946965,24.670934136976054,24.702670934395165,117630000,0.15952705577755574,0,0
2016-04-12,25.03590965270996,25.04951064350252,24.632397450289883,24.786546624674372,108929200,0.16772705577755573,0,0
2016-04-13,25.39861488342285,25.46662156083389,25.117516811834165,25.117516811834165,133029200,0.19288455577755576,0,0
2016-04-14,25.41222381591797,25.47796483529812,25.237671386859496,25.303412406239644,101895600,0.1694302224442224,0,0
2016-04-15,24.902158737182617,25.457556131325564,24.874956757233623,25.414484023705413,187756000,0.15273284149184146,0,0
2016-04-18,24.364898681640625,24.69813503999792,24.242484584284085,24.684534050133532,243286000,0.16695296969696968,0,0
2016-04-19,24.235687255859375,24.4827811614834,24.08153634232826,24.45557744867465,129539600,0.18257011255411254,0,0
2016-04-20,24.285554885864254,24.503179370640357,24.04299410006453,24.17447610009353,122444000,0.19250011255411253,0,0
2016-04-21,24.02259063720703,24.240215104062983,23.920578033367185,24.240215104062983,126210000,0.1622814761904762,0,0
2016-04-22,23.956850051879883,24.13820464212083,23.716556689907343,23.80496657703028,134732400,0.1907902261904762,0,0
2016-04-25,23.82083511352539,23.950049697733316,23.69162052931747,23.80269930848993,112126400,0.12305605952380952,0,0
2016-04-26,23.655345916748047,23.870704682776815,23.55560246076426,23.55560246076426,224064800,0.08855405952380951,0,0
2016-04-27,22.175048828125,22.3768049105624,21.689927267036683,21.76246876039029,458408400,0.09585996428571428,0,0
2016-04-28,21.497243881225582,22.18865476559925,21.365761854725648,22.12744856955328,328970800,0.07795163095238095,0,0
2016-04-29,21.250144958496097,21.472304270094504,20.971314276778763,21.306818058140756,274126000,0.09791538095238093,0,0
2016-05-02,21.227476119995117,21.32722132907853,20.94637802929049,21.302285026807674,192640400,0.10690371428571428,0,0
2016-05-03,21.57657814025879,21.703525303976072,21.23653961213716,21.354418874228152,227325200,0.10205788095238096,0,0
2016-05-04,21.35215759277344,21.73980138711214,21.268280782602496,21.581115670263795,164102000,0.09372288095238093,0,0
2016-05-05,21.265485763549805,21.454786412696137,21.137765682224863,21.438821402530515,143562000,0.055000380952380946,0,0
2016-05-06,21.14689064025879,21.313382655087167,20.948466862255355,21.295138170487395,174799600,0.027995380952380945,0,0
2016-05-09,21.16285514831543,21.386365304832808,21.117239587761883,21.21075018185487,131745600,0.010337880952380946,0,0
2016-05-10,21.306541442871097,21.340752680189393,21.007766899739963,21.2860157445136,134747200,0.03505288095238094,0,0
2016-05-11,21.098997116088867,21.34075351988719,21.087592789848767,21.32022782072207,114876400,0.03412954761904761,0,0
2016-05-12,20.60407066345215,21.16056817020093,20.4056486842842,21.14688437579079,305258800,0.02912788095238094,0,0
2016-05-13,20.645130157470703,20.90741398495114,20.52653317585696,20.52653317585696,177571200,0.013405738095238085,0,0
2016-05-16,21.411455154418945,21.52777266813893,20.90285422864495,21.071627466161107,245039200,0.013570738095238089,0,0
2016-05-17,21.322505950927734,21.598473576008654,21.21303208216388,21.56426407955481,187667600,0.027472738095238092,0,0
2016-05-18,21.566547393798828,21.714794951707475,21.413739148902632,21.47531973359912,168249600,0.012943452380952375,0,0
2016-05-19,21.484437942504883,21.58479044200801,21.340752832807443,21.58479044200801,121768400,0.023332202380952377,0,0
2016-05-20,21.717069625854492,21.764964655054165,21.557417788466697,21.58478712231889,128104000,0.06380220238095238,0,0
2016-05-23,21.993040084838867,22.166375741727613,21.81970442795012,21.86531999031862,152074400,0.055872202380952384,0,0
2016-05-24,22.328306198120117,22.371638805602565,22.086548077179312,22.17321677225564,140560800,0.08179086904761905,0,0
2016-05-25,22.720592498779297,22.747960096493543,22.37620239374333,22.503922489891956,152675200,0.07773229761904762,0,0
2016-05-26,22.90077018737793,22.973753348456786,22.49708071824189,22.73427642676213,225324800,0.07954229761904763,0,0
2016-05-27,22.887086868286133,22.914456208866284,22.63620733649736,22.67954169073527,145364800,0.03902229761904762,0,0
2016-05-31,22.77532386779785,22.898483247578262,22.538128218597283,22.716024520483863,169228800,0.011346630952380959,0,0
2016-06-01,22.45602798461914,22.702346810204308,22.426379173042644,22.583748083786627,116693200,,0,0
2016-06-02,22.28725814819336,22.31462575072992,22.038658071464212,22.259888805600685,160766400,0.002334130952380965,0,0
2016-06-03,22.33287048339844,22.412695552210707,22.225676073826538,22.303221669284163,114019600,0.023586630952380967,0,0
2016-06-06,22.494802474975582,23.238319722918742,22.24848536134896,22.348836133546456,93170000,0.05819496428571429,0,0
2016-06-07,22.586023330688477,22.777605168887384,22.570058322509848,22.636199567837128,89638000,0.05649371428571429,0,0
2016-06-08,22.565505981445312,22.70690989472747,22.50620661197368,22.583750468927636,83392400,0.046579547619047625,0,0
2016-06-09,22.727436065673828,22.8049799182945,22.456029101389618,22.465152214648977,106405600,0.053903335497835506,0,0
2016-06-10,22.54041290283203,22.6590098756707,22.4605878499545,22.47199043461949,126851600,0.07560333549783552,0,0
2016-06-13,22.200584411621097,22.60655507133025,22.145847478873232,22.50848379096015,152082000,0.0788383354978355,0,0
2016-06-14,22.227954864501953,22.4605898854628,22.066023531116475,22.196024840457255,127727600,0.06386389105339106,0,0
2016-06-15,22.15496826171875,22.444621386336923,22.12988014100204,22.31005767157862,117780800,0.0945152243867244,0,0
2016-06-16,22.248477935791016,22.29409174974273,21.910929796359763,21.99759673889021,125307200,0.0692345101010101,0,0
2016-06-17,21.74216079711914,22.043216551506703,21.73531889771012,22.036374652097685,244032800,0.0648957601010101,0,0
2016-06-20,21.689706802368164,22.024973847454927,21.673741787842893,21.89497251773313,137647600,0.07578909343434344,0,0
2016-06-21,21.87444496154785,21.974795727174183,21.59391488432513,21.65321425041519,142185600,,0,0
2016-06-22,21.792339324951172,22.097955797550195,21.746723757361476,21.951989461375145,116876400,0.04034492676767677,0,0
2016-06-23,21.917768478393555,21.96110281332794,21.72390718746137,21.881277780597657,128960800,0.03339492676767677,0,0
2016-06-24,21.301977157592773,21.589349066436508,21.130922739956947,21.19022209195291,301245600,0.043556593434343434,0,0
2016-06-27,20.99180030822754,21.222154099445905,20.868640907181753,21.2107497745126,181958400,0.07719159343434343,0,0
2016-06-28,21.34531593322754,21.361282687277768,21.014611326180617,21.187947006729193,161779600,0.08071684343434343,0,0
2016-06-29,21.530052185058594,21.564263420522675,21.35443532170232,21.43198090475795,146124000,0.07683767676767675,0,0
2016-06-30,21.803739547729492,21.842511470934888,21.507246220795786,21.539176244618556,143345600,0.07139517676767675,0,0
2016-07-01,21.869884490966797,22.002167034823863,21.74216437417023,21.778655090373785,104106000,0.05065684343434342,0,0
2016-07-05,21.664613723754883,21.75812431607707,21.543735535674536,21.755843103078664,110820800,0.04925809343434344,0,0
2016-07-06,21.78777503967285,21.817425591090963,21.523211730443737,21.57566745362745,123796400,0.07213576010101011,0,0
2016-07-07,21.88128089904785,22.009000969618565,21.80829775299952,21.82654223447001,100558400,0.08516697222222223,0,0
2016-07-08,22.05006217956543,22.0979572235834,21.906377047511516,22.006727822572746,115648400,0.06638697222222224,0,0
2016-07-11,22.118488311767575,22.271296583119973,22.06147014424298,22.066030832020136,95179600,0.06312572222222225,0,0
2016-07-12,22.218830108642575,22.28269015200899,22.150409379345284,22.16181196420033,96670000,0.06780072222222225,0,0
2016-07-13,22.09339141845703,22.275848438154696,22.086547779420336,22.21655082028219,103568800,0.062065166666666685,0,0
2016-07-14,22.53129005432129,22.5769038736255,22.196023088262756,22.211988099024797,155676000,0.06695933333333334,0,0
2016-07-15,22.52901268005371,22.64761141454175,22.465152626124446,22.560942707018345,120548000,0.07218100000000002,0,0
2016-07-18,22.76848793029785,22.83690866582766,22.487957868463702,22.510764780306975,145975600,0.061836000000000016,0,0
2016-07-19,22.777612686157227,22.807261499686675,22.65673273856188,22.706908992270144,95119600,0.058733500000000015,0,0
2016-07-20,22.79813766479492,22.91217396868449,22.74796141267457,22.807260777912795,105104000,0.04298100000000001,0,0
2016-07-21,22.677255630493164,23.03532949461918,22.608833163694825,22.76848500620575,130808000,0.044238500000000014,0,0
2016-07-22,22.501636505126953,22.64760278421501,22.42180972807901,22.638479674265096,113254800,0.044962666666666685,0,0
2016-07-25,22.200584411621097,22.542693286392737,22.104794344298405,22.408131297542635,161531600,-0.006906916666666646,0,0
2016-07-26,22.047773361206055,22.34426837720824,21.99075522274837,22.081984592291768,224959200,0.005605833333333349,0,0
2016-07-27,23.480064392089844,23.799366256597786,23.43445058575521,23.781120038041863,369379200,0.025637222222222235,0,0
2016-07-28,23.797094345092773,23.822182470398783,23.450424757314188,23.45270597053906,159479200,0.019245555555555575,0,0
2016-07-29,23.767444610595703,23.844990196727817,23.646566415208607,23.76288392437889,110934800,0.02514555555555557,0,0
2016-08-01,24.187089920043945,24.20989682259777,23.81305114998484,23.81305114998484,152671600,0.013248055555555574,0,0
2016-08-02,23.829023361206055,24.191657919614244,23.719547759767256,24.18709723374647,135266400,0.01368080555555557,0,0
2016-08-03,24.12779426574707,24.139196848737623,23.89515930003068,23.90428241045636,120810400,0.008051638888888902,0,0
2016-08-04,24.276851654052734,24.306661080281017,24.14155895151668,24.2103520883292,109634800,0.0348441388888889,0,0
2016-08-05,24.64603805541992,24.685020016811045,24.347936792998272,24.36857368450575,162213600,0.056632888888888885,0,0
2016-08-08,24.850122451782227,24.850122451782227,24.572659826944943,24.655209143470145,112148800,0.0678528888888889,0,0
2016-08-09,24.95101547241211,24.98082664707735,24.76757002981391,24.818018095110094,105260800,0.0723078888888889,0,0
2016-08-10,24.765281677246097,24.97165937445297,24.710248207818413,24.928090263519728,96034000,0.05881372222222223,0,0
2016-08-11,24.749229431152344,24.978537587931488,24.730884358734237,24.88452040390049,109938000,0.08468455555555555,0,0
2016-08-12,24.80655288696289,24.86617348896816,24.714829287604516,24.714829287604516,74641600,0.11208330555555554,0,0
2016-08-15,25.104652404785156,25.118410331415113,24.783620704057384,24.797378630687337,103472800,0.13066580555555557,0,0
2016-08-16,25.081724166870117,25.276637488902303,25.0427422022566,25.13905120288375,135177600,0.13332580555555557,0,0
2016-08-17,25.045026779174805,25.079423338326663,24.84323456520744,25.01750918195698,101424000,0.16297080555555557,0,0
2016-08-18,25.0129337310791,25.132173200780876,24.999174052261015,25.04733030390077,87938800,0.19964830555555557,0,0
2016-08-19,25.077136993408203,25.1528090954496,24.847828865633428,24.941844288290355,101472400,,0,0
2016-08-22,24.882226943969727,25.0175179078117,24.730882730706888,24.962484443662618,103280800,0.2680078888888889,0,0
2016-08-23,24.960189819335938,25.06796492129755,24.886811287072188,24.900569215158452,85030800,0.2793805555555556,0,0
2016-08-24,24.772157669067383,24.93725980701721,24.691900171309065,24.895984272529752,94700400,0.2951991666666667,0,0
2016-08-25,24.666671752929688,24.73775670267158,24.462587687976196,24.625396225777187,100344800,0.30430083333333335,0,0
2016-08-26,24.52220916748047,24.753809092571245,24.377743942492963,24.629984256127656,111065200,0.30397083333333336,0,0
2016-08-29,24.494693756103516,24.63686542291551,24.373160730199427,24.448832831058173,99881200,,0,0
2016-08-30,24.30666160583496,24.421315670013428,24.192007541656498,24.260800679956446,99455600,0.34486008333333334,0,0
2016-08-31,24.329593658447266,24.4373687657341,24.224112122448872,24.228699265025753,118649600,0.3512800833333333,0,0
2016-09-01,24.47405433654785,24.49010583360384,24.219522205030025,24.33876164751996,106806000,0.32466925,0,0
2016-09-02,24.7033634185791,24.765275838403017,24.494692199078216,24.696482705725742,107210000,0.29542675,0,0
2016-09-06,24.696475982666016,24.834062210565797,24.652908643347207,24.74233864179313,107521600,0.29707925,0,0
2016-09-07,24.847822189331055,24.939545765692408,24.552014574043575,24.72628919418198,169457200,0.29617258333333335,0,0
2016-09-08,24.19658660888672,24.59787572860481,24.1323806296489,24.59329033700856,212008000,0.29547425,0,0
2016-09-09,23.648540496826172,24.242449304530066,23.648540496826172,23.994796170441607,186228000,0.28894258333333334,0,0
2016-09-12,24.178247451782227,24.242453442063752,23.510960018180626,23.53847762093643,181171200,0.2652305,0,0
2016-09-13,24.75381088256836,24.94643061331975,24.59100232711968,24.6529164993006,248704800,0.251407375,0,0
2016-09-14,25.6297664642334,25.918695170200444,24.902860181668384,24.93267135538019,443554800,0.26470654166666663,0,0
2016-09-15,26.501136779785156,26.53782691516652,26.02417551671913,26.109020142677068,359934400,0.27133290530303034,0,0
2016-09-16,26.35208511352539,26.629547690703955,26.15029462543604,26.397947780919704,319547600,0.2579041553030303,0,0
2016-09-19,26.044818878173828,26.64101969037964,25.969146772338952,26.41400512235727,188092000,0.2258361553030303,0,0
2016-09-20,26.042516708374023,26.168636843123945,25.79945072083602,25.92327728509548,138057200,0.22935532196969696,0,0
2016-09-21,26.037939071655273,26.13883346002252,25.78340690534031,26.106730461521728,144012800,0.2258096553030303,0,0
2016-09-22,26.283300399780273,26.356678936731615,26.141128719038537,26.221386220472453,124296000,0.2031866553030303,0,0
2016-09-23,25.845314025878903,26.3222752621018,25.57931755726196,26.237430640918873,209924800,0.16304665530303028,0,0
2016-09-26,25.884294509887695,26.001242116337615,25.57931610405971,25.59995299076642,119477600,0.1645266553030303,0,0
2016-09-27,25.932456970214844,25.953095612750452,25.76047586350802,25.91182007716152,98429600,0.13531165530303027,0,0
2016-09-28,26.129657745361328,26.28788089692138,26.01041830107917,26.070038897961247,118564400,0.1477374053030303,0,0
2016-09-29,25.723779678344727,26.095259386118155,25.63664324048853,25.948502359475217,143548000,0.1153374053030303,0,0
2016-09-30,25.923282623291016,25.996661148760825,25.636647484818017,25.787989928201096,145516400,0.1260594886363636,0,0
2016-10-03,25.801746368408203,25.92328112968327,25.74671291484719,25.845315466780058,86807200,0.13521798863636364,0,0
2016-10-04,25.911819458007812,26.212212557376947,25.826974817579487,25.925577386381285,118947200,0.13660715530303028,0,0
2016-10-05,25.923282623291016,26.063160710824405,25.840731563452227,26.003540112167048,85812400,0.12100215530303027,0,0
2016-10-06,26.11590003967285,26.219087987529836,25.941625389342697,26.072330939719812,115117200,0.11134798863636361,0,0
2016-10-07,26.154884338378903,26.269538401583414,26.028765918543243,26.21221136998116,97433600,0.1114946553030303,0,0
2016-10-10,26.611207962036133,26.771722945858713,26.30622774329111,26.375019129437028,144944000,0.10080111363636361,0,0
2016-10-11,26.668535232543945,27.216581503017665,26.645603020806263,26.989565203085945,256164000,0.09846689285714284,0,0
2016-10-12,26.907011032104492,27.05376982245271,26.771720095782907,26.909304602909817,150347200,0.10353064285714283,0,0
2016-10-13,26.824459075927734,26.929940579281354,26.53553041488327,26.780889982342764,140769600,0.12893364285714287,0,0
2016-10-14,26.97351455688477,27.097341156356055,26.85886049250196,27.030841589076168,142608800,0.13317614285714283,0,0
2016-10-17,26.955171585083008,27.021669403741424,26.778603343938062,26.904723516184458,94499600,0.12199139285714285,0,0
2016-10-18,26.93682098388672,27.10650847667365,26.932233842483864,27.09962951405121,98214000,0.10965689285714283,1,1
2016-10-19,26.856565475463867,27.00332252045422,26.09526264852068,26.886374898843105,80138400,0.13267689285714285,1,1
2016-10-20,26.84280776977539,26.916186297655965,26.67541382311757,26.796946845905826,96503200,0.13524189285714286,1,1
2016-10-21,26.737321853637695,26.808408548286152,26.663943337809673,26.785476340635917,92770800,0.13598022619047617,1,1
2016-10-24,26.97809600830078,26.998732895785007,26.82904540614804,26.85197586429112,94154800,0.11480772619047619,1,1
2016-10-25,27.115678787231445,27.14090281443392,26.900128645494572,27.046885667682577,192516000,0.1176902261904762,1,1
2016-10-26,26.505720138549805,26.53094416731891,25.982897995847928,26.212206075943968,264536800,0.10975703174603176,1,1
2016-10-27,26.251190185546875,26.56763471116466,26.16405199409308,26.459859631934027,138248000,0.09307036507936509,1,1
2016-10-28,26.076915740966797,26.41858429821849,26.015001578224215,26.111312303659133,151446800,0.11099936507936507,0,0
2016-10-31,26.03564453125,26.193867696172408,25.95767885959181,26.060868564773347,105677600,0.13532186507936506,0,0
2016-11-01,25.565561294555664,26.088383517719137,25.345425713722733,26.01729856178367,175303200,0.1470601984126984,0,0
2016-11-02,25.588491439819336,25.762766095213102,25.505942128824454,25.54492408808244,113326800,0.16730686507936507,0,0
2016-11-03,25.3142147064209,25.689905316964364,25.249679068630783,25.579273297456805,107730400,0.13789186507936507,0,0
2016-11-04,25.08603286743164,25.411018161450443,24.91777949155612,25.014582948234988,123348000,,0,0
2016-11-07,25.44789695739746,25.47094514851172,25.22893474565132,25.37183634410256,130240000,0.15033436507936507,0,0
2016-11-08,25.597715377807617,25.749836629944987,25.284255002310516,25.424851277723093,97016800,0.15194722222222223,0,0
2016-11-09,25.55622673034668,25.6576408937037,24.90395422624573,25.325741274327616,236705600,0.11366722222222221,0,0
2016-11-10,24.844022750854492,25.60462355477469,24.392271554707335,25.60462355477469,228538000,0.07723722222222222,0,0
2016-11-11,24.99153709411621,25.092951253527417,24.558225086706862,24.689601721187557,136575600,0.07165722222222222,0,0
2016-11-14,24.364614486694336,24.84863353586414,23.988923870500464,24.82558534465877,204702000,0.08017763888888887,0,0
2016-11-15,24.68729591369629,24.81867254572557,24.46833544646895,24.562833563595227,129058000,0.10485513888888887,0,0
2016-11-16,25.351091384887695,25.406409152941595,24.569745935384784,24.592794126175125,235362000,0.11936763888888886,0,0
2016-11-17,25.341869354248047,25.4340638671328,25.08372682832763,25.30960153850799,110528000,,0,0
2016-11-18,25.367225646972656,25.477859426154385,25.275032882529526,25.288861445503144,113715600,,0,0
2016-11-21,25.752140045166016,25.81206499593885,25.35570479069008,25.381058330811054,117058400,0.15162330555555553,0,0
2016-11-22,25.768274307250977,25.911174162463393,25.67607977450669,25.80284571837369,103862000,0.16462455555555552,0,0
2016-11-23,25.636899948120117,25.701435599237513,25.4294626706252,25.66686242657759,109705600,0.18438455555555555,0,0
2016-11-25,25.765968322753903,25.78440758053936,25.57235963293547,25.613847083720533,45903600,0.20860899999999996,0,0
2016-11-28,25.715261459350582,25.922698715020527,25.673774008216597,25.682993637186865,108776000,0.22732566666666668,0,0
2016-11-29,25.689910888671875,25.82128753937063,25.369536218398338,25.5331806949905,114115200,0.22235066666666664,0,0
2016-11-30,25.473249435424805,25.860465035544145,25.415628076826476,25.72217412660102,144649200,0.24581066666666668,0,0
2016-12-01,25.23584747314453,25.570052378346286,25.1298243937763,25.43867576277433,148347600,0.25320316666666665,0,0
2016-12-02,25.330350875854492,25.374141914853848,25.08834045408502,25.162095726491955,106112000,,0,0
2016-12-05,25.148263931274418,25.360310092391664,24.95004633243658,25.353395811251954,137298000,0.25262441666666663,0,0
2016-12-06,25.341869354248047,25.436369213532537,25.166701714077497,25.238151626292748,104782000,0.28088316666666663,0,0
2016-12-07,25.590795516967773,25.627674027676814,25.15978891345697,25.18283710341803,119994800,0.2882756666666667,0,0
2016-12-08,25.842029571533203,25.913479499111155,25.491690698936363,25.551617408966116,108273200,,0,0
2016-12-09,26.263811111450195,26.436675164641304,25.88581518914943,25.88581518914943,137610400,0.2869744166666667,0,0
2016-12-12,26.113996505737305,26.505820982086885,25.92730213610792,26.11169115936893,105497600,,0,0
2016-12-13,26.54961585998535,26.717869230371825,26.217716295383603,26.23845913893912,174935200,0.31871941666666664,0,0
2016-12-14,26.54961585998535,26.782404866052342,26.501214133224963,26.515042695595305,136127200,0.3679469166666667,0,0
2016-12-15,26.694822311401367,26.904564895814616,26.558836752379893,26.59340815995195,186098000,0.3694394166666667,0,0
2016-12-16,26.72939109802246,26.851548074000583,26.655635843179216,26.84463379361903,177404400,0.38035025,0,0
2016-12-19,26.88382339477539,27.054382139512978,26.67869148001228,26.690216456175612,111117600,0.40308025000000003,0,0
2016-12-20,26.955265045166016,27.08203271017368,26.89303476500294,26.906863325380527,85700000,0.41265275,0,0
2016-12-21,26.980623245239254,27.05898920401707,26.916087607695317,26.92069830092802,95132800,0.38009024999999996,0,0
2016-12-22,26.803152084350582,26.853859162610323,26.653336196346185,26.816980648070743,104343600,0.36843291666666667,0,0
2016-12-23,26.856163024902344,26.856163024902344,26.641811492731268,26.641811492731268,56998000,,0,0
2016-12-27,27.02671813964844,27.15118046502137,26.84924339925103,26.856157679805523,73187600,0.37701124999999996,0,0
2016-12-28,26.911476135253903,27.201886476816796,26.782403113872995,27.0866437753656,83623600,0.35425625000000005,0,0
2016-12-29,26.90456771850586,26.99215155765104,26.8285070969389,26.84003031451712,60158000,0.35436125,0,0
2016-12-30,26.694822311401367,27.012891570314174,26.60493313478548,26.886125639466673,122345200,0.31665125,0,0
2017-01-03,26.770883560180664,26.812371008715775,26.45050894700677,26.690214009824704,115127600,,0,0
2017-01-04,26.74091911315918,26.85385824121325,26.67868882008931,26.701737011653545,84472400,0.2057304166666667,0,0
2017-01-05,26.876907348632812,26.934528708739055,26.692518292907092,26.717871832030987,88774400,,0,0
2017-01-06,27.17654037475586,27.234161737512817,26.844640762567145,26.916090689677155,127007600,0.19858041666666668,0,0
2017-01-09,27.425464630126953,27.526878796112335,27.18345595011346,27.18575953863893,134247600,0.14263041666666668,0,0
2017-01-10,27.4531192779541,27.51534956935505,27.266426645287005,27.374753318580193,97848400,,0,0
2017-01-11,27.60062599182129,27.64211343317052,27.335567436449203,27.367835251002603,110354400,0.13716208333333335,0,0
2017-01-12,27.48538589477539,27.49691086897648,27.24568085079896,27.40471635076029,108344800,0.13243033333333334,0,0
2017-01-13,27.436986923217773,27.57066890013058,27.383974498419818,27.453120833640742,104447600,0.12010433333333334,0,0
2017-01-17,27.658252716064453,27.713568729126564,27.247988915463793,27.275646042762673,137759200,0.10662016666666667,0,0
2017-01-18,27.655941009521484,27.773489048903343,27.59140538271229,27.65824635575437,94852000,0.11468766666666666,0,0
2017-01-19,27.607545852661133,27.6789957766911,27.51304773621483,27.519962018093295,102389200,0.10420516666666665,0,0
2017-01-20,27.658252716064453,27.761970460363955,27.596022421177626,27.761970460363955,130391600,0.070366,0,0
2017-01-23,27.67669105529785,27.84494443566681,27.605239375728736,27.658251798733932,88200800,0.04473900000000001,0,0
2017-01-24,27.651338577270508,27.681301051487395,27.54301013888461,27.554535114294993,92844000,0.05908233333333333,0,0
2017-01-25,28.09156036376953,28.1422674339267,27.722784069622943,27.75505188545677,129510400,0.058501291666666656,0,0
2017-01-26,28.105396270751953,28.220638995485604,28.027030303531564,28.0431642146557,105350400,0.046107958333333324,0,0
2017-01-27,28.10769844055176,28.199892967378492,28.027028889002494,28.151491236448933,82251600,0.06647295833333332,0,0
2017-01-30,28.033945083618164,28.033945083618164,27.810375670773812,27.872605969511017,121510000,0.056730458333333324,0,0
2017-01-31,27.969406127929688,27.978625755996777,27.801152751481993,27.923309746058493,196804000,0.061311172619047616,0,0
2017-02-01,29.674991607666016,30.076037420535425,29.27394755326044,29.278556486970555,447940000,0.05671935443722942,0,0
2017-02-02,29.624292373657227,29.82250998639,29.45142829919011,29.497526440793255,134841600,0.11462149729437228,0,0
2017-02-03,29.751062393188477,29.7764159334382,29.539016200613,29.57358761144041,98029200,0.11057858062770562,0,0
2017-02-06,30.02994728088379,30.07835077210367,29.709572650884898,29.76258683577543,107383600,0.12626524729437227,0,0
2017-02-07,30.315750122070312,30.44482140780631,30.06682542089571,30.0875682667614,152735200,0.1537302472943723,0,0
2017-02-08,30.43329429626465,30.474783502012865,30.24429807453851,30.2742623055273,92016400,0.14273024729437225,0,0
2017-02-09,30.65320587158203,30.66015013053384,30.35227503235655,30.474961650073816,113399600,0.1537885806277056,0,0
2017-02-10,30.58376121520996,30.773580388124593,30.567559120938295,30.66246870739561,80262000,0.1441453306277056,0,0
2017-02-13,30.854589462280273,30.977279584405803,30.729589297262265,30.805979660619364,92141600,0.1600400806277056,0,0
2017-02-14,31.255067825317383,31.271269918955483,30.8453388826695,30.896265803548964,132904800,0.16953924729437228,0,0
2017-02-15,31.36849594116211,31.544426604690024,31.162474663222973,31.37081304916232,142492400,0.15242174729437227,0,0
2017-02-16,31.331462860107425,31.45877664903872,31.213403374999228,31.40553614463961,90338400,0.14529174729437228,0,0
2017-02-17,31.417104721069336,31.44256818013,31.273585333005407,31.273585333005407,88792800,0.16947091396103892,0,0
2017-02-21,31.643964767456055,31.655539711445915,31.477295464097686,31.535166651869982,98028800,0.1938140806277056,0,0
2017-02-22,31.73887062072754,31.741184196381916,31.507385896933208,31.581459171815577,83347600,0.20839095562770563,0,0
2017-02-23,31.6046142578125,31.824524075169403,31.55137375158817,31.80137771828703,83152800,0.21569095562770563,0,0
2017-02-24,31.634702682495117,31.634702682495117,31.315252638602946,31.46108914249746,87106400,0.2139559556277056,0,0
2017-02-27,31.69719696044922,31.815256413143743,31.54673332456239,31.7458102995898,81029600,0.22973107467532466,0,0
2017-02-28,31.711090087890625,31.815257495677873,31.643957547373027,31.731922863012837,93931600,,0,0
2017-03-01,32.3592414855957,32.442576110710704,31.852293009336645,31.919422011596236,145658400,0.24163164285714284,0,0
2017-03-02,32.167118072509766,32.47267606453608,32.120818303017344,32.40786062585848,104844000,0.2453745,0,0
2017-03-03,32.356937408447266,32.36851235214514,32.08146999645166,32.125452663197436,84432400,0.2716774166666666,0,0
2017-03-06,32.255069732666016,32.354609967198044,32.08377335518242,32.26201398947344,87000000,0.29235675,0,0
2017-03-07,32.2967414855957,32.40322245359531,32.12775513679197,32.19025698542041,69785200,0.28339174999999994,0,0
2017-03-08,32.176368713378906,32.36155715341623,32.134703168762755,32.16479377359363,74828800,0.29485799999999995,0,0
2017-03-09,32.102294921875,32.127758378909846,31.724977281310007,32.11618697021985,88623600,0.281418,0,0
2017-03-10,32.208778381347656,32.25970529375484,32.09303604081785,32.23424183755125,78451200,0.260743,0,0
2017-03-13,32.22267150878906,32.27591200404332,32.1347097192769,32.141653978128474,69686800,0.26560924999999996,0,0
2017-03-14,32.17405700683594,32.32683421147691,32.139332185463424,32.24581669262619,61236400,0.27249425,0,0
2017-03-15,32.51434326171875,32.5814722721005,32.18331829639664,32.27128361471009,102767200,0.29353725,0,0
2017-03-16,32.567596435546875,32.64398684190326,32.46805613677546,32.57454069683585,76928000,0.29448975,0,0
2017-03-17,32.405548095703125,32.63934639760594,32.38239821021006,32.63934639760594,175540000,0.27455474999999996,0,0
2017-03-20,32.74582290649414,32.75508073911819,32.46109421980029,32.50044618976005,86168000,0.291586,0,0
2017-03-21,32.370826721191406,33.056023138078004,32.34536325730292,32.8962980947936,158119600,,0,0
2017-03-22,32.73657989501953,32.77824899562834,32.35231428043687,32.373150596830136,103440800,0.29739266666666664,0,0
2017-03-23,32.62082290649414,32.773603653436076,32.549063215948244,32.69952685533957,81385200,0.30320141666666667,0,0
2017-03-24,32.55601501464844,32.81064965186172,32.48888599147964,32.75509204042147,89582400,0.2905189166666666,0,0
2017-03-27,32.611568450927734,32.690272407925804,32.08841072366366,32.26665494689288,94300400,0.29337475,0,0
2017-03-28,33.287498474121094,33.343052538036424,32.55137533765912,32.61850787445812,133499200,0.29858375,0,0
2017-03-29,33.361572265625,33.447224002478976,33.146293200188246,33.2597184372642,116760000,0.30973875,0,0
2017-03-30,33.31759262084961,33.449540601018,33.21805589097636,33.37778090605331,84829200,0.27905375,0,0
2017-03-31,33.255096435546875,33.396302259059844,33.1046292450166,33.26898495389625,78646800,0.25572,0,0
2017-04-03,33.264347076416016,33.361570216012105,33.11388345060261,33.26666418375753,79942800,0.2810075,0,0
2017-04-04,33.512046813964844,33.53982385248082,33.141669816926616,33.16018901999621,79565600,0.27988250000000003,0,0
2017-04-05,33.33843231201172,33.67177089344331,33.28981896381265,33.38472855228239,110871600,0.26903875,0,0
2017-04-06,33.255096435546875,33.45417344029997,33.206483089147476,33.40092941039191,84596000,,0,0
2017-04-07,33.18102264404297,33.375468982961245,33.1648205485549,33.27130155369623,66688800,0.26263875000000003,0,0
2017-04-10,33.14166259765625,33.30601828148667,33.079160742433295,33.241202850950295,75733600,0.20606875000000002,0,0
2017-04-11,32.78518295288086,33.18333696513687,32.421750236738085,33.0884273795252,121517600,,0,0
2017-04-12,32.82453536987305,32.90555290594225,32.64166045543581,32.778239130379696,81400000,0.23322374999999998,0,0
2017-04-13,32.650917053222656,32.958792122537375,32.650917053222656,32.8499940329233,71291600,0.22775125000000002,0,0
2017-04-17,32.83146667480469,32.843041613155044,32.60923986787378,32.750445638527474,66328400,0.23738,0,0
2017-04-18,32.68563461303711,32.880080887612074,32.664801840513164,32.73424794776872,58790000,0.24847333333333332,0,0
2017-04-19,32.565269470214844,32.87083100315372,32.512028972388194,32.84305396640531,69313600,0.21926583333333335,0,0
2017-04-20,32.972686767578125,33.08379845321876,32.67638658441855,32.690275103601536,93278400,0.19192833333333334,0,0
2017-04-21,32.933345794677734,33.02825188487857,32.836122595720646,32.97269778957622,69283600,0.16940000000000002,0,0
2017-04-24,33.25046920776367,33.32222891481116,33.14398466905719,33.21806148418813,68537200,0.15028916666666667,0,0
2017-04-25,33.45648956298828,33.5421377874475,33.303708785160865,33.31297015288324,75486000,0.15632916666666669,0,0
2017-04-26,33.259727478027344,33.472696558222246,33.190284878156184,33.44260241016007,80164800,0.14625166666666664,0,0
2017-04-27,33.285186767578125,33.37083851697221,33.174075089542335,33.31528091186604,56985200,0.16854666666666665,0,0
2017-04-28,33.25279235839844,33.40325960789196,33.16483053032413,33.35464624244255,83441600,0.18703416666666667,0,0
2017-05-01,33.931026458740234,34.07454583698274,33.55602238930603,33.58843010478582,134411600,0.18167716666666667,0,0
2017-05-02,34.14630889892578,34.280570456939856,33.99121456436894,34.15325315777337,181408800,0.15547216666666666,0,0
2017-05-03,34.04214096069336,34.141681222939226,33.39630017256143,33.701858153687134,182788000,0.16451616666666666,0,0
2017-05-04,33.91944885253906,34.060654644357854,33.75277960540292,33.91713527739232,93487600,0.18278616666666667,0,0
2017-05-05,34.48196029663086,34.48658744717286,33.97269116293195,33.97269116293195,109310800,0.16149416666666666,0,0
2017-05-08,35.419471740722656,35.579196744655825,34.49816364804464,34.49816364804464,195009600,0.14664916666666666,0,0
2017-05-09,35.64634323120117,35.85236454808707,35.52133946957119,35.61856265518479,156521600,0.15411916666666664,0,0
2017-05-10,35.477352142333984,35.63476361185649,35.211146087985654,35.5630039032327,103222800,,0,0
2017-05-11,35.78416442871094,35.81205966165817,35.40296268148456,35.43550416429331,109020400,0.14954083333333332,0,0
2017-05-12,36.28390884399414,36.35828784770253,35.951517585087146,35.9584905058487,130108000,0.17636083333333336,0,0
2017-05-15,36.19094467163086,36.41176219035875,36.0398599342793,36.26300057857565,104038800,,0,0
2017-05-16,36.137474060058594,36.27461291121088,35.96314392992262,36.24672122535091,80194000,0.2090104166666667,0,0
2017-05-17,34.924129486083984,35.92827254879178,34.79861337662297,35.70280533925105,203070800,0.1918929166666667,0,0
2017-05-18,35.456424713134766,35.642377572865925,35.128686743624414,35.161228228070684,134272800,0.21527125000000003,0,0
2017-05-19,35.57729721069336,35.79114177368789,35.47734962498381,35.65167977873809,107843200,,0,0
2017-05-22,35.79347610473633,35.93061500381317,35.542440204002865,35.79579923045131,91865600,0.22124000000000002,0,0
2017-05-23,35.749298095703125,36.00498014921674,35.635401137991366,36.00498014921674,79675600,0.21965099999999999,0,0
2017-05-24,35.642372131347656,35.835297883523644,35.48663765479107,35.75859220759185,76712000,0.226741,0,0
2017-05-25,35.76555633544922,35.877130134876964,35.570307506582246,35.73301486397139,76942400,0.21483600000000003,0,0
2017-05-26,35.705135345458984,35.85157379035021,35.635402583760516,35.79578687164032,87710400,0.231881,0,0
2017-05-30,35.719085693359375,35.895738971420265,35.64005687528656,35.660975642407706,80507600,,1,0
2017-05-31,35.507564544677734,35.83530608592491,35.4192396783089,35.78881875413772,97804800,0.30091300000000004,1,1
2017-06-01,35.605186462402344,35.64005461881937,35.382045867058956,35.602863337343535,65616400,0.3031615,1,1
2017-06-02,36.13282775878906,36.13282775878906,35.53778142451099,35.698165727231675,111082800,0.3199365,1,1
2017-06-05,35.77950668334961,35.900376541253614,35.67026308778339,35.87480798567305,101326800,0.327906,1,1
2017-06-06,35.900386810302734,36.21650561210647,35.74465230785796,35.7725439958314,106499600,0.290051,0,0
2017-06-07,36.11423110961914,36.25601976709209,35.90735948282311,36.0328791713432,84278400,0.2734567142857143,0,0
2017-06-08,36.025909423828125,36.15374870192001,35.888767004396904,36.0863426015944,85003200,0.26422421428571424,0,0
2017-06-09,34.62893295288086,36.072387861583714,33.940912087136844,36.072387861583714,259530800,0.2574704642857143,0,0
2017-06-12,33.80145263671875,33.95718714132232,33.12505081993979,33.875835201353475,289229200,0.2897121309523809,0,0
2017-06-13,34.07341003417969,34.27330875959209,33.738695559372296,34.20590265827269,136661600,0.26984213095238097,0,0
2017-06-14,33.741024017333984,34.28493329430688,33.434201216935094,34.28493329430688,126124800,0.27500713095238094,0,0
2017-06-15,33.53879928588867,33.5829634971484,33.05532672777286,33.31333552540285,128661600,0.2537021309523809,0,0
2017-06-16,33.06928253173828,33.587623408549746,33.05301000826631,33.42026610851741,201444400,0.2522723809523809,0,0
2017-06-19,34.01530075073242,34.108278966259064,33.39236266710712,33.39236266710712,130165600,0.27830113095238096,0,0
2017-06-20,33.70614242553711,34.138481214993035,33.68987346053195,34.138481214993035,99600400,0.28057613095238093,0,0
2017-06-21,33.906044006347656,33.95253487438368,33.61317069019916,33.82469208079515,85063200,0.2670011309523809,0,0
2017-06-22,33.85027313232422,34.09898234368049,33.731726340538756,33.882814623906064,76425200,0.22938946428571425,0,0
2017-06-23,34.00135803222656,34.205906578441414,33.72940337696723,33.73405317486027,141757600,0.20702821428571427,0,0
2017-06-26,33.894432067871094,34.46623298045986,33.79215781117885,34.208224213533896,102769600,0.19865946428571427,0,0
2017-06-27,33.408626556396484,33.973458046192356,33.383057994360364,33.70614970731368,99047600,0.1903844642857143,0,0
2017-06-28,33.89674758911133,33.961830547541794,33.276132812592444,33.58527863851477,88329600,0.2109069642857143,0,0
2017-06-29,33.397010803222656,33.734051976744304,33.07159589739899,33.63642750499721,125997600,0.22942946428571426,0,0
2017-06-30,33.47603988647461,33.69453425037123,33.42025295949374,33.57598747388138,92096400,0.26377446428571427,0,0
2017-07-03,33.35517120361328,33.77356430436874,33.26219653533707,33.67593983865184,57111200,0.22902874999999998,0,0
2017-07-05,33.492305755615234,33.65501317746531,33.17386383379753,33.39933109934542,86278400,0.21337625,0,0
2017-07-06,33.17618942260742,33.35516937331201,33.10181040141911,33.24359906815151,96515200,0.2001175,0,0
2017-07-07,33.513214111328125,33.645706679451116,33.21569104757491,33.21569104757491,76806800,,0,0
2017-07-10,33.7177734375,33.92464506499715,33.32494894841133,33.496955966065755,84362400,0.2214370833333333,0,0
2017-07-11,33.82701873779297,33.90140129701359,33.55971395244957,33.64106588649704,79127200,0.20545958333333333,0,0
2017-07-12,33.8758544921875,33.97812525666518,33.66200981722122,33.90606932286499,99538000,0.22578333333333336,0,0
2017-07-13,34.347679138183594,34.51503631618173,33.80609320754448,33.8200390479185,100797600,0.24397708333333332,0,0
2017-07-14,34.64288330078125,34.710292940009225,34.24541257418322,34.394174149377314,80528400,,0,0
2017-07-17,34.76375961303711,35.07522866447601,34.533646059353856,34.59175611582035,95174000,0.2203288333333333,0,0
2017-07-18,34.88462448120117,34.896247200165746,34.5568829588818,34.6800759770434,71475200,,0,0
2017-07-19,35.103111267089844,35.196085905265036,34.8543986125008,34.97759160412273,83692000,0.19276883333333333,0,0
2017-07-20,34.94506072998047,35.270479155850346,34.91019611677407,35.21469222796392,68974800,0.19467883333333333,0,0
2017-07-21,34.92880630493164,34.96832073193943,34.605714416566656,34.86372330200615,105010400,0.19928258333333332,0,0
2017-07-24,35.35182571411133,35.43318119486807,34.84278115834666,35.000842323222585,85972800,0.19931333333333331,0,0
2017-07-25,35.50291061401367,35.75859265691047,35.2844163004483,35.2844163004483,75415600,0.1952428333333333,0,0
2017-07-26,35.67027282714844,35.779516452542396,35.577294623853,35.644704264586665,63124000,,0,0
2017-07-27,34.996192932128906,35.79346459381474,34.23843922218672,35.737677673784596,129905200,0.19496366666666665,0,0
2017-07-28,34.74980545043945,34.919485781620956,34.677749565146854,34.84045697496168,68854800,,0,0
2017-07-31,34.57082748413086,34.94273319627466,34.43136550214373,34.84278207309928,79383600,0.16378199999999998,0,0
2017-08-01,34.877655029296875,34.9171694403032,34.496453217920134,34.65683753402334,141474400,0.16313499999999997,0,0
2017-08-02,36.52564239501953,37.13231128463876,36.29785205753849,37.02306413827689,279747200,0.18389022727272725,0,0
2017-08-03,36.16071701049805,36.54191872698877,36.03287421450155,36.504727450561546,108389200,0.17244772727272722,0,0
2017-08-04,36.35133361816406,36.58609701361003,36.1886261388076,36.27695457621127,82239600,0.16455272727272724,0,0
2017-08-07,36.913814544677734,36.93938309950893,36.416392834397435,36.50704433847991,87481200,,0,0
2017-08-08,37.20903396606445,37.6158043852036,36.78831770003587,36.86502340468434,144823600,0.19162772727272726,0,0
2017-08-09,37.43680953979492,37.485623531278215,36.983551962115115,37.01841656549234,104526000,0.21143772727272725,0,0
2017-08-10,36.244388580322266,37.33647887838671,36.08337444544976,37.31314215481408,163217200,0.16618772727272726,0,0
2017-08-11,36.74842071533203,37.00277813104265,36.41939576959479,36.54307254536707,105028400,0.16472272727272724,0,0
2017-08-14,37.30147933959961,37.38548656397579,37.0447896093712,37.17780253158527,88490800,0.11840772727272726,0,0
2017-08-15,37.709835052490234,37.84984467460095,37.36913820672284,37.49048272776531,117862000,0.11409272727272726,0,0
2017-08-16,37.55815505981445,37.92218507727035,37.37147199528537,37.78917575274607,110686400,0.10284472727272727,0,0
2017-08-17,36.83710479736328,37.50216227298986,36.832436740362205,37.457824633190185,111762400,0.08129972727272727,0,0
2017-08-18,36.75309753417969,37.21980353461372,36.57108247886515,36.83710475668518,109712400,,0,0
2017-08-21,36.68541717529297,36.84409546498087,36.19537457820594,36.753087961028506,105474000,0.10830222727272727,0,0
2017-08-22,37.28512954711914,37.336467474751565,36.87442968674276,36.923431806320885,86418400,,0,0
2017-08-23,37.33180618286133,37.446150417064786,37.07512005887749,37.11945769174584,77596400,0.10571972727272727,0,0
2017-08-24,37.1661262512207,37.50915538095337,36.99811183826252,37.43681297371242,79275600,0.09483272727272726,0,0
2017-08-25,37.30379104614258,37.46713734784698,37.16611370332618,37.2547853752901,101920400,,0,0
2017-08-28,37.67950439453125,37.80318118392024,37.32013882633084,37.36914451678862,103864000,0.1167190606060606,0,0
2017-08-29,38.015533447265625,38.06453557730498,37.33647544553584,37.3598121669628,118067600,0.1563782272727273,0,0
2017-08-30,38.11820983886719,38.244218878495545,37.945527355755026,38.22321796533812,109078400,0.16231272727272728,0,0
2017-08-31,38.269893646240234,38.39123820845164,38.14854908402883,38.18588642019916,107140400,0.16766,0,0
2017-09-01,38.28155517578125,38.489239175217016,38.18354735634138,38.45656990207039,66364400,0.16401500000000002,0,0
2017-09-05,37.82184982299805,38.328225340858545,37.467152311436706,38.211548855802654,117874000,0.14415666666666668,1,1
2017-09-06,37.78217697143555,38.03419858459997,37.457816513514224,37.96886004348513,86606800,0.12455250000000002,1,1
2017-09-07,37.6304931640625,37.85918160495268,37.420476946010865,37.824176528155256,87714000,0.1702991666666667,1,1
2017-09-08,37.01677703857422,37.60482386822451,36.993440320914345,37.53715308410399,114446000,0.1608541666666667,1,1
2017-09-11,37.68649673461914,37.81484155328231,37.31079838945042,37.45314381366175,126323200,0.19212791666666668,1,1
2017-09-12,37.53715515136719,38.260550710464074,37.049448347292106,37.945522808122405,286856000,0.18276691666666667,1,1
2017-09-13,37.25478744506836,37.32712983190448,36.84875569551398,37.30612536569656,179629600,0.19831763095238092,0,0
2017-09-14,36.935115814208984,37.19647005785129,36.89077817058727,37.10079802552943,95042800,0.2577338809523809,0,0
2017-09-15,37.308467864990234,37.56282170601592,36.869763213912414,36.97943937668187,196458400,0.2389155476190476,0,0
2017-09-18,37.026119232177734,37.453155639650234,36.86977315305132,37.36214811416817,113077600,,0,0
2017-09-19,37.04011917114258,37.28280827515437,36.972448370624015,37.2221342188094,83242400,0.24359638095238095,0,0
2017-09-20,36.419395446777344,36.930435399901846,35.896683573707314,36.84642819817065,211805600,0.23039263095238094,0,0
2017-09-21,35.79401397705078,36.35639552154219,35.64466821011986,36.35639552154219,150046800,0.2504976309523809,0,0
2017-09-22,35.44397735595703,35.53265261117912,35.13361752336297,35.362302403970034,186581600,0.22424763095238093,0,0
2017-09-25,35.13129425048828,35.429985800433215,34.80693372856288,35.00061714247289,177549200,0.22943221428571423,0,0
2017-09-26,35.73568344116211,35.91769852260745,35.39732225440781,35.41832317287811,146640000,0.19360471428571427,0,0
2017-09-27,35.990028381347656,36.10437262108391,35.829014258691,35.88968831110297,102016800,0.20387388095238093,0,0
2017-09-28,35.768348693847656,36.00170170127656,35.63300352225677,35.91069417080666,88022000,0.20589054761904757,0,0
2017-09-29,35.96435546875,35.96669127708443,35.46964835479913,35.75200699064002,105199200,0.21749554761904757,0,0
2017-10-02,35.89202117919922,36.041366943535415,35.63766728630668,35.99702930775556,74795200,0.18998054761904756,0,0
2017-10-03,36.048362731933594,36.19070817391197,35.915353401941296,35.938686560539594,64921200,0.19475221428571426,0,0
2017-10-04,35.81501770019531,35.90369298025103,35.57700020217874,35.8500227868572,80655200,0.19357638095238092,0,0
2017-10-05,36.26072311401367,36.27239147633922,35.94803094352074,35.97836441274606,85135200,0.19278971428571426,0,0
2017-10-06,36.239707946777344,36.28404556976787,36.067025510046555,36.16270105853319,69630400,,0,0
2017-10-09,36.36573028564453,36.57341431104818,36.284058872908,36.35872998057238,65051600,0.2118222142857143,0,0
2017-10-10,36.37972640991211,36.86976906864224,36.193046883428,36.41706373948242,62468000,0.19235596428571428,0,0
2017-10-11,36.531402587890625,36.63174264054214,36.344719528257315,36.39605745867355,67622400,0.18152946428571426,0,0
2017-10-12,36.40306091308594,36.72275332142957,36.34005461836037,36.484735871459215,64500400,,0,0
2017-10-13,36.63408279418945,36.70175358648337,36.498737648917995,36.57340874521874,65576800,,0,0
2017-10-16,37.308467864990234,37.33646907737966,36.78808826353238,36.84642649646579,96486000,0.17436625,0,0
2017-10-17,37.44615173339844,37.539491498003954,37.156792766027294,37.28513761287271,75989200,0.13021999999999997,0,0
2017-10-18,37.28046417236328,37.50215231248162,37.24313040832312,37.434477966334995,65496800,0.12862999999999997,0,0
2017-10-19,36.39840316772461,36.65509291473972,36.17438626186099,36.57808599063519,170336800,0.09937,0,0
2017-10-20,36.461402893066406,36.811432360839845,36.393732095997784,36.54541010775939,95896400,,0,0
2017-10-23,36.44273376464844,36.797431284478705,36.28638769831077,36.61074819190047,87937200,0.09587124999999999,0,0
2017-10-24,36.659759521484375,36.73443063358927,36.449739674777824,36.47074059124317,71028800,0.10634874999999999,0,0
2017-10-25,36.49874496459961,36.76476725223067,36.23272267696854,36.6154214690112,84828400,0.10792074999999998,0,0
2017-10-26,36.73207473754883,36.83008251197496,36.585061295568586,36.69006937097644,68002000,0.11753450000000001,0,0
2017-10-27,38.04820251464844,38.176547360433645,37.03311566970075,37.17079306759591,177816800,0.1389395,0,0
2017-10-30,38.90460586547851,39.21963378647606,38.204546983869406,38.24421655987855,178803200,0.14826783333333332,0,0
2017-10-31,39.44599533081055,39.58834082408674,38.9559560954468,39.179973014274594,144187200,0.11782216666666667,0,0
2017-11-01,38.94428253173828,39.656009903089014,38.64559097272621,39.63967348374911,134551200,0.11549341666666665,0,0
2017-11-02,39.22897720336914,39.31998474075716,38.5685877148624,38.87661541721236,165573600,0.13315441666666666,0,0
2017-11-03,40.253395080566406,40.66409510504927,39.931366780502856,40.60342460300612,237594400,0.14010751190476192,0,0
2017-11-06,40.66175079345703,40.83443325514327,40.07136812561474,40.2230461160659,140105200,0.1358337619047619,0,0
2017-11-07,40.79243087768555,40.895106751078096,40.51007578653969,40.58241463533435,97446000,0.11799751190476189,0,0
2017-11-08,41.126129150390625,41.126129150390625,40.68042411840414,40.7574310266021,97638000,0.1094675119047619,0,0
2017-11-09,41.0421142578125,41.09345218700446,40.40272595103822,40.86243150564063,117930400,,0,0
2017-11-10,40.906280517578125,41.072558264823094,40.81260522871093,41.00932547942197,100582000,,0,0
2017-11-13,40.74235916137695,40.8664805643182,40.608868082656585,40.6322886986201,67928400,0.1569525119047619,0,0
2017-11-14,40.126426696777344,40.627597062571766,40.08895514689948,40.524552087149495,99130000,,0,0
2017-11-15,39.5971565246582,39.887555691162326,39.43322295223002,39.8055871182063,116632400,0.1485650119047619,0,0
2017-11-16,40.07022476196289,40.25054990364294,39.88287057756387,40.08895696426733,94550000,,0,0
2017-11-17,39.84774017333984,40.13813934158887,39.72830362131391,40.056170768140326,87598000,0.1495450119047619,0,0
2017-11-20,39.80792617797851,39.94375786790705,39.70956603840621,39.88052507336638,65049600,0.1854650119047619,0,0
2017-11-21,40.5479736328125,40.67912048692099,39.99528076658117,39.99528076658117,100525200,0.2002916785714286,0,0
2017-11-22,40.97420501708984,40.9835711181554,40.52689775467844,40.5994966517589,102355600,0.19759167857142856,0,0
2017-11-24,40.9765510559082,41.10067245893679,40.901607943559625,41.00699714198535,56106800,,0,0
2017-11-27,40.77046203613281,41.00231327528309,40.594818132575305,40.995287805019544,82867200,,0,0
2017-11-28,40.531585693359375,40.95312816975762,40.24821197904056,40.819640671827266,105715200,0.20789167857142857,0,0
2017-11-29,39.69083404541016,40.49645458741891,39.14751080740588,40.4285405227249,166665600,0.16312417857142858,0,0
2017-11-30,40.245872497558594,40.31378656450264,39.447277398767646,39.91331691229435,166108800,0.15759051190476192,0,0
2017-12-01,40.05851364135742,40.20371143391119,39.46132375412056,39.800901196358375,159037200,,0,0
2017-12-04,39.765777587890625,40.426196759021686,39.72596540146465,40.393410042348286,130169600,0.15170551190476192,0,0
2017-12-05,39.72829818725586,40.16857993004411,39.43789905872778,39.59246650972579,109400800,0.14521301190476193,0,0
2017-12-06,39.58076477050781,39.85945365424555,38.98357838933744,39.227136350163626,114240000,0.1911970119047619,0,0
2017-12-07,39.65336227416992,39.91565597961547,39.55734276646798,39.58544464248466,102693200,0.15523826190476192,0,0
2017-12-08,39.66506576538086,40.04679955966901,39.53626312850785,39.92736302287491,93420800,0.14995392857142859,0,0
2017-12-11,40.43790054321289,40.4894230287432,39.5292351512967,39.625254653738054,141095200,0.15596875000000002,0,0
2017-12-12,40.21073532104492,40.37232825077936,40.15453157051721,40.31612092676802,77636800,,0,0
2017-12-13,40.344234466552734,40.64165556869939,40.28100166104409,40.39809759610526,95273600,0.15431166666666668,0,0
2017-12-14,40.332515716552734,40.545631131394195,40.19902466325085,40.37466852907948,81906000,0.13992416666666668,0,0
2017-12-15,40.74235916137695,40.789196819819715,40.38873073062717,40.66273478467583,160677200,0.13430416666666667,0,0
2017-12-18,41.31612777709961,41.49879714319126,40.950789044916306,40.9554738827219,117684400,0.11324666666666668,0,0
2017-12-19,40.8758430480957,41.074907545710694,40.77045743255763,40.990598338583446,109745600,0.10851416666666665,0,0
2017-12-20,40.83135223388672,41.081935665957744,40.57373975840791,40.95312942821834,93902400,0.12347416666666666,0,0
2017-12-21,40.98591232299805,41.22244836664475,40.77280046605222,40.78919203651704,83799600,0.08521166666666666,0,0
2017-12-22,40.98591232299805,41.0819318343104,40.86647577195255,40.90862858756254,65397600,0.09726166666666666,0,0
2017-12-26,39.94611358642578,40.156884864331154,39.73767936755113,39.999976722159865,132742000,0.06727666666666665,0,0
2017-12-27,39.953125,39.99527781135576,39.74469442794614,39.83602909270045,85992800,0.06992666666666666,0,0
2017-12-28,40.065547943115234,40.24587669436901,39.925031383322896,40.046812163577286,65920800,0.04908333333333333,0,0
2017-12-29,39.63228225708008,39.95078328774862,39.62994162524209,39.93439171791527,103999600,0.025443333333333335,0,0
2018-01-02,40.34188461303711,40.3512542876815,39.63930910102925,39.85008389872191,102223600,0.03401,0,0
2018-01-03,40.3348503112793,40.87817697019341,40.271621101952874,40.405108561791714,118071600,0.0495125,0,0
2018-01-04,40.522212982177734,40.62525796148265,40.29973145330602,40.407457696409296,89738400,,0,0
2018-01-05,40.98357009887695,41.07021993214265,40.52689674675764,40.618231417181505,94640000,0.006114166666666669,0,0
2018-01-08,40.83135223388672,41.12643269112992,40.732988507988125,40.83135223388672,82271200,0.02266916666666667,0,0
2018-01-09,40.82667922973633,40.99763833656981,40.6112230848332,40.878201739765906,86336000,0.04548750000000001,0,0
2018-01-10,40.81730270385742,40.81964690977428,40.51519673980712,40.55266829963054,95839600,,0,0
2018-01-11,41.04914855957031,41.09833042205364,40.86413856419507,40.88755560589044,74670800,,0,0
2018-01-12,41.47304153442383,41.53627434620208,41.13580463625278,41.25992605384564,101672400,0.06334500000000001,0,0
2018-01-16,41.262245178222656,42.01165806668575,41.25053487597678,41.66271107126085,118263600,0.06858666666666668,0,0
2018-01-17,41.94377136230469,41.978898718449194,40.99997827671709,41.252902387927264,137547200,0.07601916666666668,0,0
2018-01-18,41.981239318847656,42.17796323356067,41.74470678285796,42.007000571162166,124773600,0.0725241666666667,0,0
2018-01-19,41.79387283325195,42.056166522261215,41.54797071306402,41.82900017607158,129700400,0.09211666666666668,0,0
2018-01-22,41.45194625854492,41.634615566348,41.35827097322957,41.52220450927297,108434400,0.11020750000000001,0,0
2018-01-23,41.46132278442383,42.023385358113266,41.409803865982504,41.5222149513268,130756400,0.1082675,0,0
2018-01-24,40.8009033203125,41.52221462816889,40.56202663901651,41.510504321279925,204420400,0.089535,0,0
2018-01-25,40.07257080078125,40.9718667190559,39.93673908810159,40.86882172505862,166116000,0.089535,0,0
2018-01-26,40.16624450683594,40.2809998043608,39.82666702550764,40.2809998043608,156572000,0.06242000000000001,0,0
2018-01-29,39.33486557006836,39.85008693678984,39.126434961888506,39.85008693678984,202561600,0.11016166666666667,0,0
2018-01-30,39.10301971435547,39.196695039895985,38.57140312952726,38.765782824834226,184192800,0.11731666666666667,0,0
2018-01-31,39.21073532104492,39.44727134997662,38.99293864030814,39.07958847154962,129915600,0.13354166666666667,0,0
2018-02-01,39.29270553588867,39.48942581837823,39.05382886516062,39.14984837452473,188923200,0.11593666666666669,0,0
2018-02-02,37.58778762817383,39.06319682921009,37.49411232827588,38.87584265593056,346375200,0.08869777777777778,0,0
2018-02-05,36.648685455322266,38.37936315766333,36.533930157475886,37.259926352819406,290954000,0.12670611111111113,0,0
2018-02-06,38.18029022216797,38.34188314165611,36.06553847904792,36.2599181087595,272975200,0.1581161111111111,0,0
2018-02-07,37.36296844482422,38.266949183640655,37.252901556247814,38.19435027749091,206434400,0.13761111111111113,0,0
2018-02-08,36.33485794067383,37.70488146039845,36.30675606695096,37.53860370274349,217562000,,0,0
2018-02-09,36.779300689697266,37.12731684344801,35.32844580447681,36.934498391741066,282690400,,0,0
2018-02-12,38.26072311401367,38.53819451209446,37.037957340347475,37.27075387708362,243278000,0.10913611111111113,0,0
2018-02-13,38.644004821777344,38.740415822437974,38.0114596737139,38.08200439585714,130196800,,0,0
2018-02-14,39.35650634765625,39.3964808604744,38.3006998452042,38.33832059440969,162579600,0.12181777777777776,0,0
2018-02-15,40.67802047729492,40.70153298957986,39.73978404743447,39.925548323114,204588800,0.1453177777777778,0,0
2018-02-16,40.546348571777344,41.108352696021626,40.39115445827603,40.52989016661168,160704400,,0,0
2018-02-20,40.40996170043945,40.97666251869846,40.30884675397618,40.45699032267764,135722000,,0,0
2018-02-21,40.22654342651367,40.943737915034774,40.21243161204451,40.64040028293785,149886400,0.14560777777777778,0,0
2018-02-22,40.56279754638672,40.90375947481818,40.37703326970029,40.39819560728738,123967600,0.13663277777777777,0,0
2018-02-23,41.26824188232422,41.30351244871162,40.807352815892024,40.83792303213014,135249600,,0,0
2018-02-26,42.084205627441406,42.18296681191079,41.43520202033378,41.468122415156905,152648800,,0,0
2018-02-27,41.94781875610352,42.43927448726959,41.89373602093621,42.11477448821193,155712400,0.17689944444444444,0,0
2018-02-28,41.88432312011719,42.4721897868067,41.867864719237645,42.15239017660547,151128400,,0,0
2018-03-01,41.15066909790039,42.274669943930185,40.600426726524184,41.983086768337195,195208000,,0,0
2018-03-02,41.435203552246094,41.45636589511752,40.55104962192992,40.63335240605755,153816000,,0,0
2018-03-05,41.57863235473633,41.79496684206314,41.037794342392736,41.200046104901126,113605600,0.14732944444444446,0,0
2018-03-06,41.54336166381836,41.9148938321395,41.416384041050755,41.83494482565421,95154000,,0,0
2018-03-07,41.1577262878418,41.35054830257984,40.97901608895721,41.13656394614241,126814000,0.14423444444444444,0,0
2018-03-08,41.60685729980469,41.64918198316011,41.16713412291643,41.26354154213285,95096400,,0,0
2018-03-09,42.321685791015625,42.32638972786231,41.71265693328621,41.846692223022984,128740800,,0,0
2018-03-12,42.730857849121094,42.88840570474543,42.37578763015166,42.39459620832886,128828400,0.14489444444444444,0,0
2018-03-13,42.31934356689453,43.14941096767531,42.14768751429382,42.93542665160748,126774000,,0,0
2018-03-14,41.959564208984375,42.44866961803414,41.81142068751684,42.401641010790506,117473600,0.14918194444444444,0,0
2018-03-15,42.00895690917969,42.38284289256637,41.87257497940292,41.973686339074305,90975200,0.13849694444444446,0,0
2018-03-16,41.86081314086914,42.119472337041785,41.7667523156716,42.008953109968175,157618800,,0,0
2018-03-19,41.22122573852539,41.73149375231357,40.83558521442465,41.69622317525283,133787200,0.12435027777777778,1,1
2018-03-20,41.20709228515625,41.573920414273715,41.13654758616002,41.20709228515625,78597600,0.14701916666666667,1,1
2018-03-21,40.27356719970703,41.17182552464226,40.2712134368852,41.16006747469234,148219600,0.1147875,1,1
2018-03-22,39.70451354980469,40.60512206776271,39.64572688691664,39.974930763868414,165963200,0.09683749999999999,1,1
2018-03-23,38.78510665893555,39.956136503695376,38.78510665893555,39.596362252666424,164115200,0.0812425,1,1
2018-03-26,40.62629699707031,40.703895839846645,39.13781793229658,39.5211082074498,150164800,0.09033666666666666,1,1
2018-03-27,39.584590911865234,41.18593921489509,39.2506830596845,40.8402733112041,163690400,,1,0
2018-03-28,39.14720916748047,39.97963023018597,38.84387159964719,39.32827307358012,166674000,0.07923666666666666,0,0
2018-03-29,39.45290756225586,40.386440118710794,39.24597734680386,39.45996167523232,153594000,,0,0
2018-04-02,39.19425201416016,39.7256858766554,38.67457979286387,39.184847724476676,150347200,0.06785416666666667,0,0
2018-04-03,39.59634780883789,39.6810007539685,38.77098428485459,39.41998780548692,121112000,0.057624166666666664,0,0
2018-04-04,40.3535270690918,40.447584317922555,38.74512443292918,38.77099071456574,138422000,,0,0
2018-04-05,40.63334274291992,40.96960073764623,40.46403686410354,40.58161019172307,107732800,0.027414166666666673,0,0
2018-04-06,39.593997955322266,40.55809716197049,39.55166968838654,40.203026977373334,140021200,0.040924166666666664,0,0
2018-04-09,39.9866828918457,40.70152702794921,39.93965428611105,39.946708397568614,116070800,,0,0
2018-04-10,40.73917007446289,40.91553011807529,40.33471742073413,40.68038339325876,113634400,,0,0
2018-04-11,40.54869842529297,40.89671454438979,40.37468857171758,40.49931603844929,89726400,,0,0
2018-04-12,40.94843673706055,41.150662995876694,40.68977399157953,40.77678069036118,91557200,0.07198916666666667,0,0
2018-04-13,41.087181091308594,41.34819406678015,40.88025443918927,41.09893914369185,100497200,,0,0
2018-04-16,41.34349060058594,41.430493723168546,41.1106940979349,41.15772271587,86313600,0.07516916666666666,0,0
2018-04-17,41.912540435791016,42.07714237415471,41.48222163317746,41.50103379585519,106421600,,0,0
2018-04-18,41.81848907470703,42.04893542855754,41.59275024765644,41.811434960615074,83018000,0.07516916666666668,0,0
2018-04-19,40.63334274291992,41.24237171885631,40.600422354708584,40.85908152263962,139235200,0.09776916666666667,0,0
2018-04-20,38.96849822998047,40.261804642520595,38.900303700737034,40.11601488601111,261964400,0.12118916666666665,0,0
2018-04-23,38.85562515258789,39.25066971503769,38.5852044120052,39.229507382346235,146062000,0.12891750000000002,0,0
2018-04-24,38.3148078918457,39.1119551449554,37.91035523836867,38.95675744554006,134768000,,0,0
2018-04-25,38.48174285888672,38.89795338019634,38.19016334696243,38.23954212776454,113528400,,0,0
2018-04-26,38.61579132080078,38.97086154573134,38.41591519078752,38.59227521560373,111852000,0.115195,0,0
2018-04-27,38.16901397705078,38.64165755124664,37.77161548089102,38.56405870986155,142623200,0.134855,0,0
2018-04-30,38.86034393310547,39.3306373522608,38.05614261691634,38.124337172004125,169709600,0.15656,0,0
2018-05-01,39.7633056640625,39.78681817960928,38.86269343458145,39.130760510579584,214277600,0.12788,0,0
2018-05-02,41.51984405517578,41.79731536883284,40.86848685602493,41.20474482983506,266157600,0.13634944444444444,0,0
2018-05-03,41.59510040283203,41.73854003605556,41.01899169459304,41.357603523058685,136272800,0.11410944444444446,0,0
2018-05-04,43.22700500488281,43.32576615796013,41.89607423083804,41.91488639162222,224805200,0.15665944444444443,0,0
2018-05-07,43.53976821899414,44.12998520374865,43.4433572011495,43.544468570068815,169805600,0.17029777777777777,0,0
2018-05-08,43.749046325683594,43.78902083601134,43.18939600498701,43.49979138596113,113611200,,0,0
2018-05-09,44.05707550048828,44.06647978753421,43.55386182428417,43.86660729234394,92844800,0.18695777777777778,0,0
2018-05-10,44.687278747558594,44.76487759165738,44.1252782597407,44.14644419035238,111957200,0.17484777777777777,0,0
2018-05-11,44.51731872558594,44.86431758098543,44.24821793995877,44.729768989116714,104848800,0.18942277777777777,0,0
2018-05-14,44.4134521484375,44.739207039830816,44.3449982374365,44.61645824567123,83115200,,0,0
2018-05-15,44.00980758666992,44.1585224188313,43.69349681524123,44.090064898484975,94780800,0.2207777777777778,0,0
2018-05-16,44.4205207824707,44.48661903883322,43.90592617236772,43.92245163693048,76732400,0.2575577777777777,0,0
2018-05-17,44.13962936401367,44.59285148855085,43.99091455997095,44.37804201646454,69176000,0.26162777777777774,0,0
2018-05-18,43.979129791259766,44.33321006366244,43.93664188747902,44.18685803700773,73190800,0.22258777777777777,0,0
2018-05-21,44.29069519042969,44.677822575118384,44.12073647501625,44.37803378516849,73603200,,0,0
2018-05-22,44.17976760864258,44.58577985875149,44.09006613886106,44.46775312562425,60962800,,0,0
2018-05-23,44.4630241394043,44.49607147546965,43.84928378174547,43.988558042632555,80233600,,0,0
2018-05-24,44.4134521484375,44.57632959413416,43.95551151224936,44.55980772674339,92936000,,0,0
2018-05-25,44.51495742797851,44.76753273171379,44.29542585934396,44.43233728455796,69844000,0.19836277777777778,0,0
2018-05-29,44.354454040527344,44.55510096909149,44.11131920815853,44.283640867519566,90056400,0.17665777777777775,0,0
2018-05-30,44.26001739501953,44.37804410807291,44.0900586400715,44.311949436914176,74762000,0.16108027777777775,0,0
2018-05-31,44.11129379272461,44.43232653232457,43.93897583453814,44.19391391615182,109931200,0.16336527777777773,0,0
2018-06-01,44.90680694580078,44.91152542115865,44.31903259368366,44.37568671498433,93770000,0.20789027777777774,0,0
2018-06-04,45.282135009765625,45.657459141289145,45.168830359131896,45.23728427671126,105064800,0.18973277777777775,0,0
2018-06-05,45.63148498535156,45.78019978910631,45.40723496193152,45.57483447107491,86264000,0.20706277777777773,0,0
2018-06-06,45.78964614868164,45.81325293388397,45.30337662938726,45.70702960425292,83734400,,0,0
2018-06-07,45.66688919067383,45.841566389384795,45.40250695167301,45.82740376266648,85388800,0.19002777777777774,0,0
2018-06-08,45.25144958496094,45.32226634650537,44.79586811569759,45.12634153371815,106627200,0.16818499999999997,0,0
2018-06-11,45.14049530029297,45.315176130877504,44.89972340097438,45.16882416048117,73234000,0.17816166666666666,0,0
2018-06-12,45.38836288452149,45.466260965214005,45.121621299291675,45.178275431219944,67644400,,0,0
2018-06-13,45.01538848876953,45.52998684038837,44.95401589350231,45.42140067749611,86553600,,0,0
2018-06-14,45.03899765014648,45.22075980980726,44.9020862209634,45.21603773241758,86440400,0.15700166666666665,0,0
2018-06-15,44.576324462890625,44.887916688684165,44.43941305475914,44.85722859320443,246876800,0.10188666666666665,0,0
2018-06-18,44.55272674560547,44.666031386199435,44.18920243761086,44.34972064685109,73939600,,0,0
2018-06-19,43.832767486572266,43.98384155663083,43.30400644042231,43.70293736342273,134314000,0.11677666666666667,0,0
2018-06-20,44.02397155761719,44.18920826399699,43.84220937965438,43.98856497835368,82514800,0.07019166666666665,0,0
2018-06-21,43.77846908569336,44.46066332896541,43.655720298126006,44.20100312485936,102847600,0.07305666666666666,0,0
2018-06-22,43.65100860595703,43.94135337461232,43.599076552780936,43.93427205844196,108801600,,0,0
2018-06-25,43.00185012817383,43.65099701866678,42.66193263466796,43.292194819756226,126652400,,0,0
2018-06-26,43.53533935546875,44.03105307880999,43.08919844521767,43.1954253872837,98276800,,0,0
2018-06-27,43.47159194946289,44.20807735303371,43.44090385701784,43.72416719670749,101141200,,0,0
2018-06-28,43.78791046142578,43.95550997848145,43.38662035816796,43.45743710624626,69460800,,0,0
2018-06-29,43.69585037231445,44.186841936704425,43.17653354905816,43.97439168953857,90950800,,0,0
2018-07-02,44.184478759765625,44.21280762030508,43.296919170467575,43.39134270245,70925200,,0,0
2018-07-03,43.41493606567383,44.36623087368704,43.32523463104901,44.32846146943568,55819200,,0,0
2018-07-05,43.76430892944336,44.00272522318525,43.499930213576576,43.73126158996001,66416800,,0,0
2018-07-06,44.37096405029297,44.47954661231971,43.71709503292668,43.769027076292346,69940800,0.036429166666666665,0,0
2018-07-09,44.987064361572266,45.01066754408912,44.684916250995535,44.732126217918854,79026400,,0,0
2018-07-10,44.93277359008789,45.1523015596252,44.892641335763145,45.01775297227096,63756400,0.04833916666666666,0,0
2018-07-11,44.3497200012207,44.79822008171447,44.28598456598775,44.49607197660276,75326000,,0,0
2018-07-12,45.093299865722656,45.18300134842486,44.68728755713136,44.73921961533889,72164400,,0,0
2018-07-13,45.16411209106445,45.28449806739923,45.06260722318634,45.105098721939335,50055600,0.07093916666666666,0,0
2018-07-16,45.06496047973633,45.47569113629227,44.94929300416823,45.20895321385602,60172400,0.09404416666666666,0,0
2018-07-17,45.19242477416992,45.29156677447239,44.6613045999065,44.7911346962154,62138000,0.14372916666666666,0,0
2018-07-18,44.944576263427734,45.27505326062183,44.83363085174206,45.27033118300609,65573600,,0,0
2018-07-19,45.29393768310547,45.45209306427996,44.7769800450885,44.7769800450885,81147200,0.19400916666666665,0,0
2018-07-20,45.1900749206543,45.42376554064797,44.89028601817752,45.270332232533136,82704800,0.23993916666666668,0,0
2018-07-23,45.23020553588867,45.31282569115405,44.746295201955945,45.010673935781,63957600,0.2491816666666667,0,0
2018-07-24,45.55832290649414,45.71411907207885,45.334072814638176,45.42849276850689,74791600,0.22586666666666666,0,0
2018-07-25,45.98793029785156,45.99501161249821,45.42375915047924,45.572473961837765,66839600,0.19081166666666666,0,0
2018-07-26,45.84394454956055,46.25703810904912,45.70231103126561,45.93836449383051,76304000,0.1763966666666667,0,0
2018-07-27,45.08147430419922,46.07526063647288,44.87374977539584,46.02805068001251,96096000,0.1748191666666667,0,0
2018-07-30,44.82890701293945,45.36946777385099,44.6306229994785,45.29865102564653,84118000,,0,0
2018-07-31,44.91860580444336,45.35530609259082,44.69435576534987,44.92096864396287,157492000,0.18509083333333337,0,0
2018-08-01,47.56475830078125,47.62613088577967,46.57569401589206,47.00531291654773,271742800,0.20913533333333337,0,0
2018-08-02,48.95512771606445,49.18882194191955,47.29331291565383,47.34760420380157,249616000,0.25277866666666665,0,0
2018-08-03,49.09675598144531,49.27379606036052,48.5042595454664,48.870143095602415,133789600,0.25774366666666665,0,0
2018-08-06,49.351688385009766,49.394176270098725,48.87958156283439,49.09910950623912,101701600,0.2864736666666666,0,0
2018-08-07,48.889034271240234,49.4532019199507,48.80641411605946,49.41071402429666,102349600,0.23761366666666667,0,0
2018-08-08,48.92207336425781,49.054262708746734,48.27764850892958,48.638809968654485,90102000,0.2877861666666667,0,0
2018-08-09,49.30684280395508,49.519289455339305,48.91027115897772,49.460276096411505,93970400,,0,0
2018-08-10,49.15997695922851,49.53188234321348,48.95625889225755,49.11970757110333,98444800,,0,0
2018-08-13,49.477386474609375,49.97009991775016,49.20023584056539,49.58161480492085,103563600,0.28362616666666673,0,0
2018-08-14,49.68585205078125,49.8777253230472,49.33289761698768,49.7829742500463,82992000,,0,0
2018-08-15,49.80192947387695,49.92037013258283,49.34948529013519,49.56030951805078,115230400,,0,0
2018-08-16,50.53151321411133,50.64758272073512,50.09328142779837,50.15960789287518,114001600,,0,0
2018-08-17,51.54063415527344,51.6282790804215,50.49361923351846,50.559945708958374,141708000,,0,0
2018-08-20,51.03844451904297,51.91963959568152,50.95553462143338,51.66381098233199,121150800,,0,0
2018-08-21,50.938961029052734,51.44825807142593,50.699712180328966,51.3558744947383,104639200,0.27652366666666667,0,0
2018-08-22,50.94132232666016,51.25163623938956,50.65469437430576,50.71628582322843,76072400,0.25390866666666667,0,0
2018-08-23,51.045555114746094,51.41508938235087,50.83473089209865,50.8465720660557,75532800,,0,0
2018-08-24,51.20425033569336,51.37954014215605,50.955524307729874,51.3084786608987,73905600,,0,0
2018-08-27,51.62590789794922,51.81541364909847,51.244528884025435,51.43876965842527,82100400,0.20478366666666664,0,0
2018-08-28,52.042816162109375,52.241795568558736,51.85804905404619,51.87936750162545,91107200,0.1775086666666667,0,0
2018-08-29,52.819793701171875,52.940605483044955,51.97412930067011,52.149419157471115,109019200,,0,0
2018-08-30,53.30540084838867,54.070526466879734,52.682401847046464,52.883752406159765,195175200,0.14775866666666668,0,0
2018-08-31,53.92129898071289,54.215029520302,53.535181251323905,53.65598942991082,173360400,,0,0
2018-09-04,54.094215393066406,54.28845618519026,53.68441174415916,54.10606018131684,109560400,0.1211736666666667,1,1
2018-09-05,53.74125671386719,54.40452504393614,53.32197943607939,54.24344750288081,133332000,0.12041866666666667,1,1
2018-09-06,52.84820938110352,53.854954713801874,52.4218223996447,53.58964525060467,137160000,,1,0
2018-09-07,52.42182922363281,53.38593417642667,52.282070132620795,52.552114653610786,150479200,0.11850866666666666,1,1
2018-09-10,51.718292236328125,52.55211538527459,51.2776928944184,52.338920056563786,158066000,0.11813616666666667,1,1
2018-09-11,53.02587890625,53.13247476524067,51.29901225541865,51.64248940750935,142996000,0.12977616666666666,1,1
2018-09-12,52.36735916137695,53.2983010853639,52.075992512987526,53.284088783398055,197114800,0.16335366666666667,1,1
2018-09-13,53.63230514526367,54.09185552394453,52.72268166565012,52.94771821611647,166825600,0.14889116666666666,0,0
2018-09-14,53.02351379394531,53.734157753846546,52.71083233114026,53.475957982567735,127997200,0.1666245,0,0
2018-09-17,51.6117057800293,52.81269225388577,51.46720802290819,52.6231864653548,148780400,0.15852,0,0
2018-09-18,51.69697570800781,52.55211733723163,51.43166619672579,51.59037623243215,126286800,0.12394500000000001,0,0
2018-09-19,51.7277717590332,52.023873403694104,51.000547999297495,51.75856748672499,108495200,0.14179499999999998,0,0
2018-09-20,52.12098693847656,52.653969810185814,51.91253025867231,52.170733596892184,106435200,,0,0
2018-09-21,51.55958938598633,52.436049554005606,51.47194083901891,52.29865795357762,384986800,0.13934249999999998,0,0
2018-09-24,52.301021575927734,52.412356078089026,51.31559809726625,51.36060612339808,110773600,0.15192166666666668,0,0
2018-09-25,52.632659912109375,52.78189629707581,52.042824137047674,52.05466892569171,98217600,0.16159166666666666,0,0
2018-09-26,52.21337127685547,53.00218637259011,52.057028764651164,52.350762852927,95938800,0.19669166666666665,0,0
2018-09-27,53.28645324707031,53.63940772196027,52.95244971189144,53.01877980814133,120724800,0.21139666666666662,0,0
2018-09-28,53.47358322143555,53.497269181508,53.06614711716459,53.24854310635677,91717600,0.22291166666666667,0,0
2018-10-01,53.83363723754883,54.34530165886552,53.61807802440607,53.99708589556844,94403200,0.2594966666666666,0,0
2018-10-02,54.31214904785156,54.48270388831588,53.68441499233851,53.83128025486863,99152800,0.26378666666666667,0,0
2018-10-03,54.97304153442383,55.30467388755188,54.430581367745326,54.49454032674915,114619200,0.2912366666666667,0,0
2018-10-04,54.00657653808594,55.03937929696,53.708103744514275,54.66747386831033,128168000,0.2730166666666667,0,0
2018-10-05,53.130096435546875,54.106049688672336,52.25126898143084,53.99945384413411,134322000,,0,0
2018-10-08,53.006927490234375,53.25091493076167,52.161259546536,52.6373932546599,118655600,,0,0
2018-10-09,53.74125671386719,53.836011397889386,52.64686631869246,52.97613116481118,107564000,0.28824666666666665,0,0
2018-10-10,51.25163269042969,53.618077923682854,51.17820007366523,53.40725373397916,167962400,0.3046891666666666,0,0
2018-10-11,50.799198150634766,51.99544953481861,50.29464339890083,50.81578157793993,212497600,0.3233491666666667,0,0
2018-10-12,52.61370086669922,52.79610046305243,51.365335518018185,52.21337092805712,161351600,0.32432916666666667,0,0
2018-10-15,51.488521575927734,52.54738131852214,51.467203125558655,52.388671274904624,123164000,,0,0
2018-10-16,52.62317657470703,52.82215960325249,51.34638657960489,51.86041853976065,116736000,0.34288583333333333,0,0
2018-10-17,52.395774841308594,52.7392520002313,51.95754299454812,52.65871322646053,91541600,,0,0
2018-10-18,51.17110061645508,52.05229936190943,50.45571806191486,51.60696135100703,130325200,0.35413583333333337,0,0
2018-10-19,51.950435638427734,52.41235343553008,51.5050976522359,51.654334023038835,132314800,0.38000833333333334,0,0
2018-10-22,52.26784896850586,52.9097987783504,51.86278403497411,52.06413093878424,115168400,0.3549033333333333,1,1
2018-10-23,52.76057434082031,52.88375363683341,50.85841766826304,51.1260947111794,155071200,0.3337908333333333,1,1
2018-10-24,50.9507942199707,53.11588899890719,50.820508791603096,52.72977496604514,163702000,0.3038208333333333,1,1
2018-10-25,52.066505432128906,52.44077828370849,51.344016814032926,51.57142443044991,119423200,0.29594916666666665,1,1
2018-10-26,51.237430572509766,52.158898768728534,50.37755021866404,51.14267587517956,189033600,0.28380666666666665,1,1
2018-10-29,50.27569580078125,52.04046102219299,48.81887342300146,51.92202035478922,183742000,0.2706476666666667,1,1
2018-10-30,50.52678680419922,50.97212123255405,49.57215536383629,50.01748979219112,146640000,0.24106766666666668,1,1
2018-10-31,51.84383010864258,52.220470425672104,51.31321481162091,51.374806249426165,153435600,0.2598864166666667,0,0
2018-11-01,52.6397590637207,52.67292229880161,51.358230453591474,51.88884582940752,233292800,0.24408641666666667,0,0
2018-11-02,49.148136138916016,50.60969347566478,48.66252870134263,49.63848221504018,365314800,0.2237684166666667,0,0
2018-11-05,47.75289535522461,48.41616364806583,46.94276182854421,48.394845200803,264654800,0.18624216666666665,0,0
2018-11-06,48.26930618286133,48.49434270740384,47.77659261786653,47.83107430781383,127531600,0.18513216666666668,0,0
2018-11-07,49.73322677612305,49.759283862951555,48.35457952948075,48.7904402414107,133697600,0.14961216666666666,0,0
2018-11-08,49.55971145629883,49.947172789288295,49.146098487324096,49.9138938350352,101450400,,0,0
2018-11-09,48.60410690307617,48.97017526450992,48.07639537565486,48.860831724021615,137463200,0.10944716666666668,0,0
2018-11-12,46.15573501586914,47.50591755482119,46.06540486784818,47.303864421764025,204542000,0.08001216666666668,0,0
2018-11-13,45.694576263427734,46.87122932529317,45.50916444166148,45.55195373821801,187531600,,0,0
2018-11-14,44.40382385253906,46.22941826577733,44.19701557173812,46.09154728762127,243204000,0.07792966666666667,0,0
2018-11-15,45.49965286254883,45.63276865604136,44.42758831620002,44.78177425949028,185915200,0.043409666666666666,0,0
2018-11-16,46.003604888916016,46.34590481022731,45.036135721034846,45.28335031579615,147713200,,0,0
2018-11-19,44.18037796020508,45.33088300072915,43.97357330630078,45.16448824315479,167701200,-0.0028969999999999994,0,0
2018-11-20,42.06953048706055,43.136839943167296,41.72009968887252,42.39994422370587,271300800,-0.004396999999999998,0,0
2018-11-21,42.0219841003418,42.85158561836727,41.96731232258113,42.723221376680144,124496800,0.001877999999999999,0,0
2018-11-23,40.95467758178711,41.97920130450926,40.90951614402539,41.58460546368542,94496000,,0,0
2018-11-26,41.50853729248047,41.58698130630447,40.47213107904219,41.41821078967106,179994000,,0,0
2018-11-27,41.418209075927734,41.54419392188072,40.61951070937927,40.769264159453,165549600,0.0076729999999999975,0,0
2018-11-28,43.01084899902344,43.09404455097691,41.5822228299945,42.01009758633539,184250000,0.03940633333333333,0,0
2018-11-29,42.6804313659668,43.45298162818766,42.24067053508028,43.419702685054226,167080000,0.030912999999999996,0,0
2018-11-30,42.449851989746094,42.86584056752836,42.08140423828386,42.85633022598483,158126000,0.023462999999999994,0,0
2018-12-03,43.93316650390625,43.961690285175266,43.075041021768605,43.84759153296526,163210000,0.009136999999999996,0,0
2018-12-04,42.000587463378906,43.35552105926829,41.900750632853665,43.01322128196301,165377200,0.010324499999999995,0,0
2018-12-06,41.53230667114258,41.546568558651884,40.51016241642234,40.82868999457398,172393600,-0.049470083333333345,0,0
2018-12-07,40.05138397216797,41.47763060994114,40.00621891496391,41.23992283697894,169126400,-0.03578458333333335,0,0
2018-12-10,40.31525421142578,40.431728740606445,38.824824924550015,39.22179661258494,248104000,-0.02549166666666668,0,0
2018-12-11,40.08467483520508,40.835828864514035,39.69720988937446,40.804929311290685,189126800,-0.04577666666666668,0,0
2018-12-12,40.196388244628906,40.866722318061136,40.177371186407235,40.50540546611536,142510800,,0,0
2018-12-13,40.63614273071289,41.02123178621812,40.30335330213577,40.526799187237295,127594400,,0,0
2018-12-14,39.33589553833008,40.191645282597655,39.288354691900565,40.17262821859903,162814800,-0.022301666666666685,0,0
2018-12-17,38.96982955932617,40.018122157283344,38.68220143499515,39.32876714436096,177151600,0.026643333333333314,0,0
2018-12-18,39.47614669799805,39.82319814808901,39.07679560054539,39.31212769156932,135366000,,0,0
2018-12-19,38.24481964111328,39.80418271169766,37.81694474317627,39.45950702038024,196189200,0.048273333333333314,0,0
2018-12-20,37.27971267700195,38.53480950241136,36.916020052998824,38.128327590631585,259092000,,0,0
2018-12-21,35.8297004699707,37.59587154627308,35.56822403128292,37.28685063952054,382978400,,0,0
2018-12-24,34.90264129638672,36.0246225500154,34.84559011112074,35.216413747515475,148676800,0.020688333333333312,0,0
2018-12-26,37.36053085327149,37.37479273954162,34.8764853105482,35.252064033237325,234330000,0.03690833333333331,0,0
2018-12-27,37.118072509765625,37.265453816149545,35.672812239071256,37.044383670140306,212468400,,0,0
2018-12-28,37.13710403442383,37.6814571541717,36.737756505244064,37.43899408166417,169165600,0.07001833333333331,0,0
2018-12-31,37.49602890014648,37.88111436747767,37.196514756992805,37.6838164623134,140014000,-0.0018341666666666923,0,0
2019-01-02,37.538822174072266,37.75989235442373,36.661679652061515,36.81856769913238,148158800,-0.00432583333333336,0,0
2019-01-03,33.79967498779297,34.63878328935381,33.754509922344255,34.225170383128884,365248800,-0.01757280303030305,0,0
2019-01-04,35.24256134033203,35.311498641777554,34.18238645663675,34.35591215580835,234428400,-0.009909469696969726,0,0
2019-01-07,35.164119720458984,35.37805895693896,34.68157308595714,35.347155776449505,219111200,,0,0
2019-01-08,35.83445739746094,36.08880653095804,35.30436992220377,35.55158448343476,164101200,0.028990530303030275,0,0
2019-01-09,36.4429817199707,36.73298552202173,35.56821876942101,35.96281095519444,180396400,0.04333053030303028,0,0
2019-01-10,36.55945587158203,36.59986575735891,35.86059444514393,36.25043504413987,143122800,0.03712136363636361,0,0
2019-01-11,36.20051956176758,36.535688433017384,36.01510776642368,36.34076992153444,108092800,,0,0
2019-01-14,35.65616989135742,35.95805981203487,35.470758098093015,35.85822297159505,129756800,,0,0
2019-01-15,36.38593673706055,36.462001351236886,35.66805812501693,35.72035413413402,114843600,0.04330469696969695,0,0
2019-01-16,36.830448150634766,37.05389406927528,36.36929442529299,36.38831148508509,122278800,0.023135530303030286,0,0
2019-01-17,37.04914093017578,37.47701573113926,36.43109914799148,36.65454507889094,119284800,0.06295303030303027,0,0
2019-01-18,37.27734375,37.52931347019117,37.07766641559792,37.43898333384579,135004000,0.054735530303030286,0,0
2019-01-22,36.44062042236328,37.25595674761718,36.27897717034387,37.17989210859329,121576000,,0,0
2019-01-23,36.587982177734375,36.87798596834581,36.060270599876375,36.64265395320385,92522400,0.013205530303030294,0,0
2019-01-24,36.297977447509766,36.72109700768508,36.06978000885468,36.63314628936311,101766000,-0.0291144696969697,0,0
2019-01-25,37.50078582763672,37.5887401908888,36.68307394200685,36.95881226724857,134142000,0.022398863636363626,0,0
2019-01-28,37.15373992919922,37.16087087496011,36.526191312301485,37.03250659699571,104768400,0.02653886363636363,0,0
2019-01-29,36.76864242553711,37.58873727432573,36.633150859519866,37.14184542943609,166348800,-0.0029586363636363647,0,0
2019-01-30,39.281211853027344,39.49514741075342,38.087917745132394,38.80579627840674,244439200,-0.020251136363636367,0,0
2019-01-31,39.5640869140625,40.17261830328575,39.1171950882309,39.48564290460484,162958400,,0,0
2019-02-01,39.583106994628906,40.16786619757071,39.4428566249422,39.68769901522233,130672400,,0,0
2019-02-04,40.70746612548828,40.80492720687015,39.76376574470043,39.79466892346387,125982000,0.02526886363636364,0,0
2019-02-05,41.4039421081543,41.61788130053395,40.96894003396188,41.09016970398383,144406400,0.061650530303030304,0,0
2019-02-06,41.418209075927734,41.73436089051288,41.08779537344349,41.515666518949295,112958400,0.09359666666666668,0,0
2019-02-07,40.63377380371094,41.34689723690451,40.491147666218886,40.980825176670464,126966800,0.07513666666666667,0,0
2019-02-08,40.681522369384766,40.74120419776211,40.206453704132734,40.342530021324166,95280000,0.08104166666666666,0,0
2019-02-11,40.44757080078125,40.87250881024949,40.404601628781016,40.83431156223369,83973600,,0,0
2019-02-12,40.79610824584961,40.82236839461806,40.51202217536083,40.60751528119588,89134000,0.04109916666666667,0,0
2019-02-13,40.626609802246094,41.17568331587446,40.5645420161693,40.91547143544663,89960800,,0,0
2019-02-14,40.774620056152344,40.884432564786806,40.43562775647638,40.51440819581286,87342800,0.023151666666666668,0,0
2019-02-15,40.683895111083984,40.989465681666935,40.52394830012951,40.88203915403346,98507200,,0,0
2019-02-19,40.8056526184082,40.927405863712345,40.46188839172686,40.51440868525233,75891200,-0.006181666666666669,0,0
2019-02-20,41.06825256347656,41.37621278615762,40.81997780185189,40.867722528007896,104457600,,0,0
2019-02-21,40.8366813659668,41.149413469637985,40.655249973715584,41.013340836121735,68998800,-0.03517166666666667,0,0
2019-02-22,41.29266357421875,41.29982510218546,40.913088021224546,40.96083275523248,75652800,,0,0
2019-02-25,41.59345245361328,41.984965042203186,41.52660910746543,41.5767434384209,87493600,,0,0
2019-02-26,41.61733627319336,41.84890207691848,41.34041169350497,41.46932649284163,68280800,-0.017511666666666672,0,0
2019-02-27,41.74624252319336,41.77727823840255,41.23536623787133,41.34995796663316,111341600,,0,0
2019-02-28,41.33563995361328,41.75580242864179,41.280733682059456,41.614954163803986,112861600,-0.029394166666666673,0,0
2019-03-01,41.77010345458984,41.81307260722171,41.273550382276035,41.605381084124154,103544800,,0,0
2019-03-04,41.98019790649414,42.4337783274615,41.53138940887495,41.94200066357132,109744800,-0.047816666666666674,0,0
2019-03-05,41.90380096435547,42.01600308218327,41.66745963565002,42.001680027599186,78949600,-0.061444166666666675,0,0
2019-03-06,41.66269302368164,41.894258816148955,41.52423074056893,41.69850066470656,83241600,-0.05909916666666667,0,0
2019-03-07,41.180458068847656,41.64358960039428,41.06586998808738,41.5075132948063,99185600,,0,0
2019-03-08,41.27833938598633,41.31653662922078,40.464278397663925,40.66003653722328,95997600,0.00129083333333333,0,0
2019-03-11,42.70831298828125,42.76083328628098,41.86083397800015,41.89425565466456,128044000,-0.015793750000000002,0,0
2019-03-12,43.18816375732422,43.60832256244585,42.82052161548895,42.97092100466611,129870400,,0,0
2019-03-13,43.379150390625,43.75872602054894,43.19055373543909,43.508061562842215,124130000,-0.009731250000000006,0,0
2019-03-14,43.86137008666992,43.94970167331341,43.58205955555263,43.9019532945051,94318000,0.001959107142857129,0,0
2019-03-15,44.43193054199219,44.72079222088939,43.8637619602195,44.12874944847758,156171600,0.027586607142857128,0,0
2019-03-18,44.88550567626953,44.97383360710313,44.35314120168987,44.35553080588926,104879200,,1,0
2019-03-19,44.52981185913086,45.11708273704642,44.384188031378365,44.9642973802807,126585600,,1,0
2019-03-20,44.91892623901367,45.2364339610808,44.10008976785335,44.45818069072299,124140800,0.04063327380952379,1,1
2019-03-21,46.57331466674805,46.86933787196459,45.3128346359712,45.362968978842,204136800,0.032170773809523795,1,1
2019-03-22,45.608863830566406,47.19401338911143,45.54440642203653,46.63300262405425,169630800,0.006930773809523796,1,1
2019-03-25,45.05739974975586,45.83087400495729,44.54652338461177,45.71867186302792,175381200,0.034363273809523795,1,1
2019-03-26,44.59188079833984,46.04573315093163,44.064295386528016,45.754485487979544,199202000,0.030754940476190467,0,0
2019-03-27,44.9929313659668,45.300887958578926,44.534575419245186,45.05977471386228,119393600,0.056037440476190456,0,0
2019-03-28,45.0526123046875,45.25314234444775,44.768526260349205,45.107518558807506,83121600,,0,0
2019-03-29,45.34625625610352,45.37729197510996,45.00964984172448,45.31761014175297,94256000,0.07375244047619046,0,0
2019-04-01,45.65420913696289,45.759246086742245,44.971448928605234,45.74969859774028,111448000,0.11792619047619043,0,0
2019-04-02,46.31787109375,46.42291168705589,45.60885073162473,45.61839822070278,91062800,0.14171119047619046,0,0
2019-04-03,46.63538360595703,46.90991856798124,46.11018058570054,46.13405477487213,93087200,,0,0
2019-04-04,46.7165412902832,46.87887408970527,46.107786007072136,46.50168455596151,76457200,,0,0
2019-04-05,47.02927780151367,47.05315198843795,46.77383784364394,46.89797705880911,74106400,0.15404869047619046,0,0
2019-04-08,47.76934051513672,47.800372591218704,46.87172341690704,46.8908220405598,103526800,0.19064869047619046,0,0
2019-04-09,47.626094818115234,48.42583270446762,47.56163742923543,47.82185294630968,143072800,0.20080202380952378,0,0
2019-04-10,47.89345932006836,47.92210906685189,47.31096425221585,47.430327876195825,86781200,0.22378202380952378,0,0
2019-04-11,47.49479293823242,47.984184604276585,47.373043333440464,47.948376968364045,83603200,0.2452120238095238,0,0
2019-04-12,47.47570037841797,47.778885091039584,46.840688483477834,47.55448083017114,111042800,0.23245702380952377,0,0
2019-04-15,47.56163787841797,47.70965127808389,47.27039028762013,47.40646659401936,70146400,,0,0
2019-04-16,47.5664176940918,48.07251843814989,47.40169526328692,47.61655203321536,102785600,0.20917827380952375,0,0
2019-04-17,48.49267578125,48.55235760399355,47.41362740609359,47.635642038208694,115627200,0.20546160714285713,0,0
2019-04-18,48.66694641113281,48.73617572376677,48.34705271069138,48.490286901803195,96783200,,0,0
2019-04-22,48.8268928527832,48.92477191697205,48.30407949927967,48.42105718399483,77758000,0.22632124999999997,0,0
2019-04-23,49.5311393737793,49.59559676497927,48.676495199382785,48.803020377452285,93292000,0.21221791666666667,0,0
2019-04-24,49.45475006103515,49.76986821378847,49.42848991141491,49.50249479415661,70162400,0.21833125,0,0
2019-04-25,49.00593948364258,49.59798216323231,48.96774224168466,49.37596752439472,74172800,0.22584875,0,0
2019-04-26,48.77198791503906,48.93909629580391,48.25156050901197,48.91522210882772,74596400,0.21806374999999995,0,0
2019-04-29,48.845985412597656,49.17065463588192,48.666939965404616,48.795851084600464,88818800,,0,0
2019-04-30,47.90540313720703,48.557127595690886,47.53298916093055,48.47596119423354,186139600,0.21110874999999996,0,0
2019-05-01,50.25688171386719,51.40038409419127,49.94892139876046,50.104096358700275,259309200,0.20902499999999996,0,0
2019-05-02,49.9298095703125,50.765355057263776,49.686310365422955,50.094531977713174,127985200,0.21660333333333331,0,0
2019-05-03,50.55050277709961,50.57198735857998,50.18763628266637,50.34519716556769,83569600,0.17503583333333333,0,0
2019-05-06,49.769866943359375,49.85580891786009,48.58100599834077,48.76959896429785,129772400,,0,0
2019-05-07,48.42821502685547,49.51681081520747,47.943598951274986,49.149172415442294,155054800,0.13866583333333332,0,0
2019-05-08,48.43776321411133,49.02025835484054,48.16322830168545,48.19903593628389,105358000,0.1327670833333333,0,0
2019-05-09,47.91735076904297,48.14652696976291,46.94811837589107,47.8409562736763,139634400,0.15553041666666667,0,0
2019-05-10,47.2535285949707,47.65374175144033,46.196689560280035,47.31104511214,164834800,,0,0
2019-05-13,44.50717544555664,45.408245519270494,43.81939074079154,44.98407358813538,229722400,0.13816708333333333,0,0
2019-05-14,45.21173095703125,45.46096182598622,44.43287946356092,44.67252607693641,146118800,0.14509374999999997,0,0
2019-05-15,45.75333786010742,45.95224501789583,44.57907074085087,44.63898240319493,106178800,0.09552791666666666,0,0
2019-05-16,45.552032470703125,46.12478777769744,45.25486932916094,45.51129298187126,132125600,0.11220041666666666,0,0
2019-05-17,45.293216705322266,45.74854387618077,44.75640689461861,44.79714638618235,131516400,,0,0
2019-05-20,43.87690353393555,44.17886064816322,43.203497043820846,43.979953493197925,154449200,,0,0
2019-05-21,44.71806335449219,45.05356717931072,44.26273255598997,44.38734982951576,113459200,0.07504541666666667,0,0
2019-05-22,43.8026123046875,44.50477885718109,43.74749460169806,44.253149155342534,118994400,0.10764041666666666,0,0
2019-05-23,43.054908752441406,43.2657952724967,42.61156108264993,43.08845912995363,146118800,0.08648458333333332,0,0
2019-05-24,42.889549255371094,43.64922848473397,42.80567148862793,43.18431352860328,94858800,0.062184583333333335,0,0
2019-05-28,42.71220779418945,43.27777385422485,42.63552279212045,42.87756451506878,111792800,-0.05788208333333332,0,0
2019-05-29,42.508514404296875,42.98061849135035,42.17780093138999,42.27845206298842,113924800,-0.04216958333333332,0,0
2019-05-30,42.729000091552734,42.95186972951379,42.338374866679864,42.64512229809682,84873600,-0.08324458333333333,0,0
2019-05-31,41.954933166503906,42.65470081886675,41.93576099917269,42.23292045101401,108174400,,0,0
2019-06-03,41.530757904052734,42.63792406303149,40.80462897423978,42.08194583387988,161584400,-0.09430333333333332,0,0
2019-06-04,43.05012893676758,43.09566239050077,41.82313911991477,42.04361362408563,123872000,-0.08656583333333334,0,0
2019-06-05,43.74509811401367,44.332235335001265,43.40959426492165,44.162084603643216,119093600,,0,0
2019-06-06,44.38734817504883,44.44725983129885,43.65163128107434,43.87450454381739,90105200,-0.04031583333333334,0,0
2019-06-07,45.568809509277344,45.992985108074826,44.51915965791637,44.69649584046349,122737600,0.006651666666666664,0,0
2019-06-10,46.15115737915039,46.819769997339314,45.92109496085426,45.9666284144444,104883600,-0.005761666666666672,0,0
2019-06-11,46.68556594848633,46.970746063230806,46.395595533306974,46.6975490130093,107731600,0.004729999999999993,0,0
2019-06-12,46.53697204589844,46.963542684924334,46.34525404194238,46.47945554769659,73012800,,0,0
2019-06-13,46.52739715576172,47.16006418617446,46.39559441932733,46.659203548913915,86698400,-0.023511666666666674,0,0
2019-06-14,46.189491271972656,46.39318870678023,45.60475292882197,45.9043112065248,75046000,0.03334083333333332,0,0
2019-06-17,46.465087890625,46.7215115562083,46.05289536835188,46.22783639546343,58676400,0.032513333333333325,0,0
2019-06-18,47.55788040161133,47.998829391898425,46.78142753974012,46.98272986269059,106204000,0.008583333333333321,0,0
2019-06-19,47.41887283325195,47.90056485236439,47.284671318756736,47.8526326057158,84496800,0.027928333333333322,0,0
2019-06-20,47.7999153137207,48.075507457573906,47.45721875366059,48.0179909537039,86056000,0.05507249999999999,0,0
2019-06-21,47.63694763183594,48.133017815490625,47.485969113903344,47.64174158739226,191202400,0.04869499999999999,0,0
2019-06-24,47.58902740478515,47.96766951247152,47.490771410564825,47.57943949198851,72881600,0.05287999999999998,0,0
2019-06-25,46.86769104003906,47.751983992638394,46.80058662252923,47.55307686003269,84281200,,0,0
2019-06-26,47.88140106201172,48.1665811585655,47.29426750501623,47.3949186584968,104270000,0.13241999999999998,0,0
2019-06-27,47.86702728271485,48.30558112854174,47.82628778753547,47.99883002611717,83598800,0.167315,0,0
2019-06-28,47.430850982666016,47.80949302032976,47.22235962686202,47.61298106823023,124442400,0.1709675,0,0
2019-07-01,48.30078887939453,49.00535070066526,48.0851046742833,48.689015329189374,109012000,0.23609999999999998,0,0
2019-07-02,48.58355712890625,48.679417968727066,48.25524243722315,48.2672254992904,67740800,,0,0
2019-07-03,48.98617172241211,48.993360829245304,48.57397919929373,48.715369842636605,45448000,0.2640875,0,0
2019-07-05,48.94303894042969,49.14674007490686,48.6243084269404,48.73215235502716,69062000,0.21343499999999999,0,0
2019-07-08,47.93412780761719,48.264837724616385,47.54829652385314,48.123447067370165,101354400,0.20406749999999999,0,0
2019-07-09,48.22649002075195,48.29119197920028,47.64414679769493,47.73760883883773,82312000,0.215665,0,0
2019-07-10,48.70338439941406,48.823207716402926,48.30317495947734,48.37267453109264,71588400,0.2004075,0,0
2019-07-11,48.34871292114258,48.98137994767097,48.339128663843894,48.722561119993294,80767200,0.2333075,0,0
2019-07-12,48.72016143798828,48.88791335049453,48.45654867782315,48.51646033634091,70380800,,0,0
2019-07-15,49.17788314819336,49.33604713394336,48.88790913700364,48.90947645459903,67789600,,0,0
2019-07-16,49.00774765014648,49.39357896373422,48.76810096237071,49.02931497443392,67467200,0.2150725,0,0
2019-07-17,48.73214340209961,49.14912619568089,48.712971233000175,48.89989531082296,56430000,0.1897425,0,0
2019-07-18,49.28572082519531,49.33844336993761,48.81601187841402,48.88790659003687,74162400,0.17642000000000002,0,0
2019-07-19,48.550010681152344,49.48702989725492,48.49489297923967,49.31687917824089,83717200,0.19624000000000003,0,0
2019-07-22,49.65957260131836,49.66196775108629,48.79444816186031,48.804032417649225,89111600,,0,0
2019-07-23,50.04780197143555,50.064578990974375,49.67634895884314,49.956738737439146,73420800,0.19954,0,0
2019-07-24,50.00706481933594,50.12209418470075,49.647594852943,49.76741817507398,59966400,0.19729750000000001,0,0
2019-07-25,49.61164474487305,50.14366053862095,49.54214517668298,50.05978275817563,55638400,0.18394500000000003,0,0
2019-07-26,49.7841796875,50.26107402072825,49.64039028304655,49.721869239102496,70475600,0.18285333333333337,0,0
2019-07-29,50.24909973144531,50.47916208738292,49.95194027355907,49.95673422966865,86693600,0.17282833333333333,0,0
2019-07-30,50.03342819213867,50.36414174522184,49.6811473177808,50.02863423517171,135742800,0.21870833333333334,0,0
2019-07-31,51.05431365966797,53.05057041741711,50.63733088652627,51.86432039500686,277125600,0.20487708333333338,0,0
2019-08-01,49.94953536987305,52.250144021548486,49.544535717620136,51.260402466969616,216071600,0.22400708333333336,0,0
2019-08-02,48.8927001953125,49.47024572031093,48.31994496946216,49.25456524370601,163448400,0.22004958333333335,0,0
2019-08-05,46.33327865600586,47.6058016786869,46.151148533272625,47.44763768168687,209572000,0.15798458333333337,0,0
2019-08-06,47.21039581298828,47.46681951501449,46.50104003344121,47.04503901922829,143299200,,0,0
2019-08-07,47.69926452636719,47.82388180019968,46.44831245834072,46.829349729619025,133457600,,0,0
2019-08-08,48.751312255859375,48.775278381580826,47.78314147822122,47.97725466372589,108038000,0.13123458333333332,0,0
2019-08-09,48.34959030151367,48.775373879354945,47.94064014742092,48.424162442131816,98478800,0.17237958333333334,0,0
2019-08-12,48.226898193359375,48.60457469476368,47.90695673151683,48.0200188898601,89927600,,0,0
2019-08-13,50.26923370361328,51.03179951623649,48.226901944089214,48.356804875553316,188874000,0.16740208333333334,0,0
2019-08-14,48.772972106933594,49.66062875871768,48.73448207413917,48.87160143948995,146189600,,0,0
2019-08-15,48.529998779296875,49.3478915876303,48.03204373725205,48.94375735403797,108909600,,0,0
2019-08-16,49.675052642822266,49.83382124650139,49.03516972783252,49.141015463618594,110481600,,0,0
2019-08-19,50.601200103759766,51.17372364887826,50.5242200506216,50.66614789415775,97654400,,0,0
2019-08-20,50.60360336303711,51.322870579192134,50.59398269188871,50.728694111631654,107537200,,0,0
2019-08-21,51.15206527709961,51.39502664415885,50.901887490170026,51.2362617364008,86141600,0.17035708333333335,0,0
2019-08-22,51.1087760925293,51.58507824401724,50.69742173173677,51.28438179246483,89014800,0.16649958333333334,0,0
2019-08-23,48.74649810791016,51.01014164863292,48.35198454994893,50.37987945350891,187272000,0.11204791666666666,0,0
2019-08-26,49.67265319824219,49.84104248936947,49.32865452365744,49.52110100092201,104174400,0.20964208333333337,0,0
2019-08-27,49.11215591430664,50.16820181272342,48.960603712717386,50.00221676728974,103493200,0.19356208333333333,0,0
2019-08-28,49.44171524047851,49.487421690431304,48.91008594619143,49.09772024659994,63755200,0.18041208333333333,0,0
2019-08-29,50.27885437011719,50.35343017848864,49.71354720510862,50.156171530957906,83962000,0.14478958333333333,0,0
2019-08-30,50.21391296386719,50.625263734369405,49.84345280767614,50.55550375905669,84573600,,0,0
2019-09-03,49.48261260986328,49.790525515438006,49.12658900103214,49.65821832852433,80092000,0.13088208333333334,1,1
2019-09-04,50.32215118408203,50.391911143051544,49.87231048470653,50.12970472847496,76752400,0.07737458333333333,1,1
2019-09-05,51.306034088134766,51.4720191264989,50.88024685980213,50.99812119719681,95654800,0.08723208333333335,1,1
2019-09-06,51.30121994018555,51.5802671339122,51.12080206554331,51.491262157017566,77449200,,1,0
2019-09-09,51.52012252807617,52.06618826677123,50.77439759217624,51.681295372324975,109237600,0.07221208333333333,1,1
2019-09-10,52.12874221801758,52.14798723364633,50.92836419189196,51.44556068094827,127111600,,1,0
2019-09-11,53.78617477416992,53.81504412951995,52.37650966317453,52.45830188762013,177158400,0.04205708333333334,0,0
2019-09-12,53.665897369384766,54.46695317394256,53.61057024888576,54.07725173898349,128906800,0.043173333333333334,0,0
2019-09-13,52.62187576293945,53.11261072641425,52.205712927533845,52.922572195870536,159053200,-0.016146666666666663,0,0
2019-09-16,52.89850997924805,52.95384076048192,52.33560719131263,52.376501461826535,84632400,,0,0
2019-09-17,53.09096908569336,53.11983844341441,52.71088829943247,52.91295912103472,73274800,,0,0
2019-09-18,53.588924407958984,53.60816942297296,52.78786855223211,53.17757001208415,101360000,,0,0
2019-09-19,53.15351486206055,53.82707201378475,53.011583339522566,53.40609695865153,88242400,,0,0
2019-09-20,52.37650680541992,53.53839827071438,52.313963268360816,53.254542597972154,221652400,-0.05017416666666665,0,0
2019-09-23,52.61466598510742,52.884088848434445,52.35726804412726,52.66999310798111,76662000,-0.0012516666666666566,0,0
2019-09-24,52.36447525024414,53.52155814993142,52.24660460358803,53.17034311866597,124763200,0.008728333333333341,0,0
2019-09-25,53.17034912109375,53.28341128066549,52.2345819095354,52.573768388250606,87613600,,0,0
2019-09-26,52.8961067199707,53.148692438449224,52.64111675163237,52.92256815087056,75334000,-0.017241666666666662,0,0
2019-09-27,52.63872146606445,53.153513660739534,52.26826137037772,53.05247641965326,101408000,,0,0
2019-09-30,53.877593994140625,54.02433402647341,53.11262022326453,53.13908166091836,103909600,0.017948333333333337,0,0
2019-10-01,54.026737213134766,54.89996096790545,53.93292005795694,54.14220730459312,139223200,0.026218333333333337,0,0
2019-10-02,52.672386169433594,53.783758837737345,52.42460897035405,53.65866811336314,138449200,,0,0
2019-10-03,53.119842529296875,53.153520390385815,51.75107147751879,52.5449072989882,114426000,0.03534833333333333,0,0
2019-10-04,54.60888671875,54.724356813505494,53.85834945589651,54.27932454100421,138478800,0.05305,0,0
2019-10-07,54.62091827392578,55.31131627633927,54.3274381907468,54.43087969741397,122306000,,0,0
2019-10-08,53.98102569580078,54.86146578985083,53.96418860317499,54.32262009604962,111820000,0.005964999999999998,0,0
2019-10-09,54.61370086669922,54.79652301742751,54.27932650525216,54.61370086669922,74770400,0.059365,0,0
2019-10-10,55.34980010986328,55.43399659026294,54.67864719946671,54.830195725330384,113013600,0.0732075,0,0
2019-10-11,56.8220100402832,57.1660050272492,55.88383488648209,56.03779132655972,166795600,,0,0
2019-10-14,56.740211486816406,57.283872972882584,56.451543652686134,56.50687076716353,96427600,0.1107825,0,0
2019-10-15,56.607906341552734,57.1684012317223,56.50206061565633,56.865300565336675,87360000,0.11444000000000001,0,0
2019-10-16,56.37937545776367,56.58866266457872,56.09792404578203,56.13881831891331,73903200,0.15089,0,0
2019-10-17,56.59829330444336,56.80757687751156,56.17491398691136,56.552586852713226,67585200,,0,0
2019-10-18,56.870113372802734,57.15156478130147,56.36012974873569,56.43229762361986,97433600,0.1613575,0,0
2019-10-21,57.85639190673828,57.97186196777041,57.0890177733123,57.137128463437165,87247200,,0,0
2019-10-22,57.724098205566406,58.26294389922715,57.64230598082633,58.01276606582909,82293600,0.1607725,0,0
2019-10-23,58.498687744140625,58.51312425689027,58.027197771424554,58.238889244421685,75828800,0.18852249999999998,0,0
2019-10-24,58.59490585327149,58.888385843954616,58.169118707672105,58.81862222108492,69275200,0.2518725,0,0
2019-10-25,59.31658935546875,59.352671463902205,58.426528531534856,58.4938842476848,73477200,,0,0
2019-10-28,59.91075897216797,59.95886966807034,59.3502603719089,59.51864964287259,96572800,0.2392525,0,0
2019-10-29,58.5251579284668,60.07915901187092,58.35196012629603,59.891524694792075,142839600,0.24385249999999997,0,0
2019-10-30,58.5179328918457,59.00867154935717,58.024793654786826,58.87876862858786,124522000,0.2676225,0,0
2019-10-31,59.84100341796875,59.93963274377457,57.07459581826232,59.475359143282475,139162000,0.24652083333333336,0,0
2019-11-01,61.53933334350586,61.56579110685089,59.937221805325485,60.02863102849158,151125200,0.21368833333333334,0,0
2019-11-04,61.94346618652344,62.027662657351385,61.43348620261237,61.902568240845305,103272000,,0,0
2019-11-05,61.85446548461914,62.109455494173645,61.65961476677508,61.8352168001874,79897600,0.20584833333333333,0,0
2019-11-06,61.88092041015625,61.94105969910756,61.43107970339588,61.7678582532789,75864400,0.23423333333333335,0,0
2019-11-07,62.59510803222656,62.81708830253441,62.27661748219188,62.428624670311265,94940400,0.2431795833333333,0,0
2019-11-08,62.76641845703125,62.8387993222777,61.97260727293929,62.41656042739546,69986400,,0,0
2019-11-11,63.26345443725586,63.32859721707962,62.31763605688488,62.32245899356224,81821200,0.25822958333333335,0,0
2019-11-12,63.205528259277344,63.405794217206264,62.954603069399354,63.10660285502795,87388800,0.27879458333333335,0,0
2019-11-13,63.811161041259766,63.88595706365368,62.99081258182594,63.005288756272336,102734400,0.25491291666666666,0,0
2019-11-14,63.3696174621582,63.91008089634329,63.23932454025214,63.63743402929962,89182800,0.2641529166666666,0,0
2019-11-15,64.1224136352539,64.12723657232394,63.45889530662177,63.62054837598867,100206400,0.30668291666666664,0,0
2019-11-18,64.44572448730469,64.5253434436311,63.75325383820071,64.13205687234594,86703200,0.27363041666666665,0,0
2019-11-19,64.25027465820312,64.66286024957508,64.03312473449476,64.63873084399398,76167200,0.2574754166666667,0,0
2019-11-20,63.50233459472656,64.19962832757699,62.82916291457804,64.06934273523646,106234400,0.22266541666666667,0,0
2019-11-21,63.21760177612305,63.700160452661194,63.01733580193353,63.62294929723244,121395200,,0,0
2019-11-22,63.162109375,63.49989899997677,62.935306191816686,63.357545063853046,65325200,0.2271829166666667,0,0
2019-11-25,64.26958465576172,64.28647597885696,63.34065760793023,63.38650127732471,84020400,0.22554041666666666,0,0
2019-11-26,63.76773452758789,64.46020522572698,63.335842340958784,64.40712346332975,105207600,0.22001874999999999,0,0
2019-11-27,64.624267578125,64.65805022533677,64.01383104765496,64.0789738287976,65235600,0.21329374999999998,0,0
2019-11-29,64.48191833496094,64.66287788127046,64.15618967895124,64.3250882008119,46617600,,0,0
2019-12-02,63.73636245727539,64.72319424644424,63.56505615770284,64.48673780121864,94487200,0.16994874999999998,0,0
2019-12-03,62.59993743896485,62.61923654932985,61.83749372245772,62.32487541424331,114430400,0.16014541666666665,0,0
2019-12-04,63.15245819091797,63.53126855846393,62.896702654892984,62.99080514094122,67181600,,0,0
2019-12-05,64.0789794921875,64.15378288001588,63.39133909623157,63.64709466989342,74424400,,0,0
2019-12-06,65.31672668457031,65.38669975339957,64.49396326902664,64.53739914538396,106075600,,0,0
2019-12-09,64.40226745605469,65.33842485985353,63.91729375605857,65.14540438475791,128042400,0.15734583333333335,0,0
2019-12-10,64.7786865234375,65.16231982994417,64.14652840241263,64.80763886909658,90420400,0.1295258333333333,0,0
2019-12-11,65.33120727539062,65.41083358471516,64.78350579892616,64.85830180873923,78756800,0.11721083333333333,0,0
2019-12-12,65.49768829345703,65.76309704302184,64.49879564379098,64.60978207969583,137310400,0.11640458333333333,0,0
2019-12-13,66.38801574707031,66.42420617913521,65.36981653316047,65.49769430196437,133587600,0.07883791666666666,0,0
2019-12-16,67.5244369506836,67.74883234755957,66.82955859141919,66.83438152775894,128186000,,0,0
2019-12-17,67.65715789794922,67.98529434981573,67.26869423240927,67.45448408416172,114158400,0.08171041666666666,0,0
2019-12-18,67.4955062866211,68.01667074592089,67.34591421616044,67.50998246355186,116028400,0.08231208333333334,0,0
2019-12-19,67.56305694580078,67.84294194171301,67.3048935762057,67.43759430484558,98369200,0.08225541666666666,0,0
2019-12-20,67.423095703125,68.19760028081991,67.21076871731513,68.0962670869402,275978000,0.08036041666666668,0,0
2019-12-23,68.52335357666016,68.58367343016074,67.64750812570958,67.68611371554155,98572000,,0,0
2019-12-24,68.5884780883789,68.73807747033234,68.26275685689335,68.68981865508782,48478800,0.12144291666666669,0,0
2019-12-26,69.94928741455078,69.96617873386037,68.69222423937535,68.72117657918585,93121200,0.1331429166666667,0,0
2019-12-27,69.92276000976562,70.92889824450315,69.51741242648437,70.24125055231326,146266000,,0,0
2019-12-30,70.33773803710938,70.62003805453982,68.81768141074184,69.8407032741633,144114400,0.17075791666666668,0,0
2019-12-31,70.85169219970703,70.85893028695814,69.85520712964954,69.95413256425645,100805600,0.14704708333333333,0,0
2020-01-02,72.46826934814453,72.5285891982157,71.22326675908423,71.47660718407792,135480400,0.15877125,0,0
2020-01-03,71.76373291015625,72.52376157647284,71.5393448267866,71.69617497011174,146322800,0.12702625,0,0
2020-01-06,72.3355712890625,72.3741768820521,70.63455422652187,70.88548689932232,118387200,0.14952625000000003,0,0
2020-01-07,71.99536895751953,72.60097528872254,71.77580380389517,72.34521969510813,108872000,,0,0
2020-01-08,73.15350341796875,73.4551026743299,71.69858889981313,71.69858889981313,132079200,,0,0
2020-01-09,74.70732879638672,74.90034933748393,73.8797423656215,74.13066759639553,170108400,0.1544579166666667,0,0
2020-01-10,74.87623596191406,75.4408362602049,74.37437802964394,74.94138611501243,140644800,0.16312125000000002,0,0
2020-01-13,76.47591400146484,76.50245856347271,75.07408132346671,75.19231323252647,121532000,0.16510625,0,0
2020-01-14,75.4432373046875,76.62309704687446,75.3201898237738,76.41318515734736,161954400,0.19585166666666667,0,0
2020-01-15,75.11991882324219,76.12364189473249,74.6880266854858,75.2429736592525,121923600,0.22518291666666665,0,0
2020-01-16,76.0609130859375,76.17190690767254,75.30088447470833,75.66280356227105,108829200,0.22212791666666667,0,0
2020-01-17,76.90296936035156,76.90537714681764,76.00299474011516,76.30941686178534,137816400,0.20047791666666667,0,0
2020-01-21,76.3818130493164,76.97294309653658,76.24428203921465,76.53140508279039,110843200,0.22865708333333337,0,0
2020-01-22,76.65443420410156,77.206958482607,76.5603317456232,76.86675379645084,101832400,,0,0
2020-01-23,77.02360534667969,77.1032242879984,76.15982119740589,76.70753000449464,104472000,0.22000708333333335,0,0
2020-01-24,76.8016586303711,78.01287877901022,76.61104580938674,77.26974133713415,146537600,0.21082375,0,0
2020-01-27,74.54325103759766,75.2236531438023,73.56124240931901,74.81106755625872,161940000,0.24294375,0,0
2020-01-28,76.65204620361328,76.82335250031947,75.32500962430629,75.42393505290065,162234000,0.24443375,0,0
2020-01-29,78.25657653808594,79.10346977041768,77.54239142224507,78.28312110668992,216229200,0.23468675,0,0
2020-01-30,78.14315032958984,78.19623208684209,76.90780110255082,77.33969324731856,126743200,0.20940175,0,0
2020-01-31,74.67839050292969,77.85603612229534,74.38402933624978,77.43379716634335,199588400,,0,0
2020-02-03,74.47329711914062,75.63867332859459,72.91945726436026,73.42131515382538,173788400,0.20042508333333336,0,0
2020-02-04,76.93193054199219,77.12254331082424,75.67245190422207,76.07779948888638,136616400,0.18306008333333335,0,0
2020-02-05,77.55927276611328,78.35790705994806,76.95607421407713,78.0587155711189,118826800,0.19736508333333333,0,0
2020-02-06,78.46646118164062,78.4688763315637,77.27213272836197,77.82948747921107,105425600,0.19180758333333334,0,0
2020-02-07,77.39990234375,78.21494247737544,76.90894303407646,77.96583518982163,117684000,,0,0
2020-02-10,77.76750183105469,77.76750183105469,75.90524599878522,75.98505390529154,109348800,0.18238258333333332,0,0
2020-02-11,77.2983169555664,78.33586413946524,77.08065162389036,78.26331148915241,94323200,0.17512258333333336,0,0
2020-02-12,79.13397979736328,79.13881418044723,77.74816513747918,77.74816513747918,113730400,0.15881383333333338,0,0
2020-02-13,78.57044982910156,78.89695147104912,78.20283748467311,78.40599225770488,94747600,0.14631716666666666,0,0
2020-02-14,78.58982849121094,78.83893581347662,78.08193769783979,78.53903424535652,80113600,,0,0
2020-02-18,77.15081024169922,77.33219929399161,76.08907611285946,76.27046516515186,152531200,0.13428175000000003,0,0
2020-02-19,78.26814270019531,78.49790505143669,77.39263964512776,77.39263964512776,93984000,0.11122175000000004,0,0
2020-02-20,77.46519470214844,78.51725240619737,76.95972489443142,78.02871401030635,100566000,0.09996425000000002,0,0
2020-02-21,75.71175384521484,77.50146427081181,75.09503429364842,77.05887104659352,129554000,0.10417725000000003,0,0
2020-02-24,72.11544036865234,73.56655262581305,69.95086901349747,71.89294062243466,222195200,0.09847475000000003,0,0
2020-02-25,69.67272186279297,73.16748626275555,69.20111488480276,72.7853633450679,230673600,0.09433600000000002,0,0
2020-02-26,70.77798461914062,72.04287320574078,69.29059633111234,69.2978515957081,198054800,0.05425100000000003,0,0
2020-02-27,66.1513671875,69.16968329754985,66.015930635838,67.98460978013814,320605600,0.03332600000000003,0,0
2020-02-28,66.11265563964844,67.33401260273769,62.0035927413547,62.21884455259078,426510000,0.004191000000000023,0,0
2020-03-02,72.26779174804688,72.90386365568166,67.16713422063305,68.26997869246647,341397200,-0.008665666666666646,0,0
2020-03-03,69.97261047363281,73.52299545653904,69.12128685520182,73.44318755767915,319475600,-0.025818666666666646,0,0
2020-03-04,73.21827697753906,73.37790019382146,70.89408264604006,71.6946122287109,219178400,,0,0
2020-03-05,70.84329223632812,72.4467648225109,70.47809334857007,71.47210154193513,187572800,-0.008666166666666657,0,0
2020-03-06,69.90247344970703,70.33539053552722,68.01603106687887,68.20225442366566,226176800,0.03089633333333334,0,0
2020-03-09,64.3737564086914,67.2566283985615,63.60708224588359,63.78847126369504,286744800,0.034793833333333336,0,0
2020-03-10,69.01004791259766,69.27608658534605,65.14767122671621,67.02686596637837,285290000,0.032411333333333334,0,0
2020-03-11,66.61328887939453,68.01361390598325,65.74987554201819,67.08732407289723,255598800,0.012498,0,0
2020-03-12,60.0349235534668,65.30004285714023,59.9792986243362,61.8996041788163,418474000,0.009166333333333332,0,0
2020-03-13,67.22761535644531,67.69922981131083,61.176475967090425,64.06419375596272,370732000,0.006258833333333333,0,0
2020-03-16,58.57897186279297,62.65901004477626,58.04447734349285,58.51608798383502,322423600,-0.003326166666666673,0,0
2020-03-17,61.15469741821289,62.30349073818724,57.65751584296428,59.860787730415886,324056000,0.023361333333333324,0,0
2020-03-18,59.65764617919922,60.46301396809863,57.34795830754395,57.988868469827494,300233600,,0,0
2020-03-19,59.200531005859375,61.14985749394757,58.67571261986398,59.8317648600508,271857200,0.06020633333333332,0,0
2020-03-20,55.44215393066406,60.90558973701077,55.14225612147072,59.78097572031221,401693200,,0,0
2020-03-23,54.26432800292969,55.26317786918558,51.42015002405914,55.16160047962253,336752800,0.061273833333333326,0,0
2020-03-24,59.70842361450195,59.90432314625296,56.66592497733461,57.16413951249609,287531200,0.04441333333333332,0,0
2020-03-25,59.37949752807617,62.4582721154087,59.08443782537024,60.64438231534842,303602000,0.028614166666666645,0,0
2020-03-26,62.504241943359375,62.56228407124869,59.582668850990856,59.62136606316325,252087200,0.057562916666666644,0,0
2020-03-27,59.91640853881836,61.88266255080022,59.749530088606896,61.12808558327173,204216800,0.09463541666666664,0,0
2020-03-30,61.62630844116211,61.79802498746447,60.31788821611853,60.6419727055928,167976400,,0,0
2020-03-31,61.50054931640625,63.48373516730324,60.94670980739506,61.81737856650545,197002000,0.07732041666666664,0,0
2020-04-01,58.26457214355469,60.15343586559381,57.83407583491139,59.6165240756465,176218400,,0,0
2020-04-02,59.236812591552734,59.29002033037774,57.294741195546685,58.12671272222617,165934000,0.08522708333333331,0,0
2020-04-03,58.385494232177734,59.423037724427395,57.79537474123642,58.721668376231186,129880000,0.1403820833333333,0,0
2020-04-06,63.478904724121094,63.63368619049375,60.313062431640056,60.68067487242126,201820400,,0,0
2020-04-07,62.7436637878418,65.71119260823201,62.6396691972311,65.49351989948178,202887200,0.11136708333333334,0,0
2020-04-08,64.34956359863281,64.66396824725281,63.17900080091498,63.544192303076315,168895200,0.10272708333333333,0,0
2020-04-09,64.81392669677734,65.31698307985819,64.0182387887634,64.98564696158498,161834800,0.11479958333333332,0,0
2020-04-13,66.0860595703125,66.19489592354667,64.29151446730144,64.89131008954301,131022800,0.1134570833333333,0,0
2020-04-14,69.42361450195312,69.71383985781922,67.24694647516952,67.71856083326759,194994800,,0,0
2020-04-15,68.78995513916016,69.24947241325025,67.87092059097999,68.29899592755704,131154400,0.13147375,0,0
2020-04-16,69.33655548095703,69.7017543891835,68.28691861079514,69.50343396347523,157125200,0.15224041666666668,0,0
2020-04-17,68.395751953125,69.39944379426973,66.95915028721262,68.85285583806908,215250000,0.14860916666666665,0,0
2020-04-20,66.97606658935547,68.12486348645393,66.95672167861267,67.22276033093017,130015200,0.15686083333333337,0,0
2020-04-21,64.90582275390625,67.05346978399236,64.19477725392538,66.81887303902265,180991600,0.14613083333333335,0,0
2020-04-22,66.77533721923828,67.21066785744529,65.832115915965,66.17312073347611,116862400,0.15132583333333333,0,0
2020-04-23,66.51655578613281,68.14180153410112,66.47785858014103,66.71971058203668,124814400,0.15899333333333332,0,0
2020-04-24,68.43685913085938,68.44653527723898,66.99300242947831,67.04137578063921,126161200,0.11320500000000003,0,0
2020-04-27,68.48523712158203,68.81657319534303,67.70647335185146,68.1538936670834,117087600,0.11515083333333336,0,0
2020-04-28,67.37513732910156,69.1285646001926,67.28323975471295,68.94717557214871,112004800,,0,0
2020-04-29,69.58808135986328,70.05727484881541,68.65937052894684,68.86252533126566,137280800,0.11922583333333334,0,0
2020-04-30,71.0561294555664,71.23268410942524,69.73804020932337,70.1274184677146,183064000,0.14843083333333335,0,0
2020-05-01,69.91215515136719,72.31374359365245,69.13339146359068,69.23013078154854,240616800,0.13652958333333334,0,0
2020-05-04,70.9013442993164,71.02952558414289,69.24707724616884,69.93635703016494,133568000,0.11417958333333336,0,0
2020-05-05,71.96546936035156,72.79744070168688,71.21572680056569,71.36083945419138,147751200,0.1307079166666667,0,0
2020-05-06,72.70796966552734,73.33919985774601,72.28230777359485,72.66685157702763,142333600,,0,0
2020-05-07,73.46011352539062,73.80596744487967,73.0320382041835,73.3343531605904,115215200,,0,0
2020-05-08,75.2085952758789,75.26194703967974,73.792357201285,74.11974268821213,133838400,0.13198291666666667,0,0
2020-05-11,76.39204406738281,76.88675244657776,74.50776212066847,74.71632174778293,145946400,0.09601041666666668,0,0
2020-05-12,75.5190200805664,77.52697546648025,75.39776671813026,77.07590910984447,162301200,0.12552291666666668,0,0
2020-05-13,74.60718536376953,76.61999543008798,73.53045501521297,75.69846552238357,200622400,0.13614541666666666,0,0
2020-05-14,75.0655288696289,75.12615554695448,73.12304775988805,73.84572041786713,158929200,,0,0
2020-05-15,74.62173461914062,74.6678114842192,72.80293436830361,72.83688885866347,166348400,0.10300208333333336,0,0
2020-05-18,76.37991333007812,76.7533757455592,75.2546860142826,75.9458316362108,135178400,0.11608958333333333,0,0
2020-05-19,75.93855285644531,77.24323270759544,75.90702580080492,76.39688667871405,101729600,0.12413458333333334,0,0
2020-05-20,77.41539764404297,77.4857192413937,76.7581993186441,76.79700126927659,111504800,0.12143958333333335,0,0
2020-05-21,76.83826446533203,77.81799379794089,76.6006051884002,77.27720108647698,102688800,0.09099958333333333,0,0
2020-05-22,77.33295440673828,77.41540578523484,76.47447873541405,76.57632739090906,81803200,,0,0
2020-05-26,76.80915832519531,78.63037881290926,76.75337911371359,78.45092620311642,125522000,0.12532458333333335,0,0
2020-05-27,77.14380645751953,77.28931196459057,75.92642542981746,76.66607534046294,112945200,0.15659958333333335,0,0
2020-05-28,77.1777572631836,78.43636762804827,76.54239089339562,76.81884468298037,133560800,0.18383958333333333,0,0
2020-05-29,77.10257720947266,77.88102160812149,76.74609208099886,77.42026037966232,153532400,,0,0
2020-06-01,78.05077362060547,78.17202695622836,76.92553911368113,77.05649478835441,80791200,0.15657258333333335,0,0
2020-06-02,78.4121322631836,78.43638441851485,77.3426765993285,77.78404066391353,87642800,0.11674725000000001,0,0
2020-06-03,78.84378051757812,79.10569190926654,78.15990981793529,78.73222950297175,104491200,0.10332725000000002,0,0
2020-06-04,78.16476440429688,78.965033585586,77.79130199936047,78.6667550692759,87560400,0.10911225000000002,0,0
2020-06-05,80.39097595214844,80.45160263084539,78.38544808511186,78.41454770677157,137250400,0.11184350000000003,0,0
2020-06-08,80.86627960205078,80.90023409134206,79.37729235859877,80.08783519139197,95654400,0.10891350000000002,0,0
2020-06-09,83.41986083984375,83.8127204319061,80.51463588580872,80.54616293467816,147712400,0.11613350000000003,0,0
2020-06-10,85.5660629272461,86.0340990809107,83.92914270631454,84.36807924016622,166651600,0.11684016666666668,0,0
2020-06-11,81.45797729492188,85.13437877315353,81.35612865252415,84.70999216149421,201662400,0.11868016666666667,0,0
2020-06-12,82.16126251220703,84.34382269299937,81.05058514318586,83.59690535411025,200146000,0.17124516666666667,0,0
2020-06-15,83.17737579345703,83.82971944873768,80.65288000271148,80.81536275804567,138808800,0.14242766666666667,0,0
2020-06-16,85.38175201416016,85.65336572310193,83.59690633112962,85.2313990507297,165428800,0.17643100000000003,0,0
2020-06-17,85.2629165649414,86.18686635684281,85.14166323371323,86.12623969122872,114406400,0.16907725,0,0
2020-06-18,85.29688262939453,85.71399444147255,84.6881884557675,85.21927871070163,96820400,,0,0
2020-06-19,84.8094482421875,86.4681932764156,83.70119078400126,86.00258453034328,264476000,0.13562725000000003,0,0
2020-06-22,87.02838134765625,87.17145941767127,85.15622926088085,85.20230612758097,135445200,,0,0
2020-06-23,88.8859634399414,90.30462884351628,87.85288272746979,88.27242190241752,212155600,0.12057558333333333,0,0
2020-06-24,87.31696319580078,89.43404938466047,86.94350079967253,88.51494690487205,192623200,0.14909224999999998,0,0
2020-06-25,88.47614288330078,88.51494484309887,86.71312185164297,87.47216900112456,137522400,,0,0
2020-06-26,85.75765228271484,88.5925564218204,85.60971933565048,88.3718744192934,205256800,,0,0
2020-06-29,87.73406982421875,87.82865098546023,85.18774958467372,85.66548805897895,130646000,0.14049225,0,0
2020-06-30,88.46644592285156,88.7526094686746,87.30241666099202,87.32181394171208,140223200,0.13479058333333335,0,0
2020-07-01,88.2990951538086,89.08724178750444,88.25059826293374,88.54402924512468,110737200,0.15969558333333334,0,0
2020-07-02,88.2990951538086,89.84144133765948,88.18512412993056,89.20607508168689,114041600,0.16519258333333336,0,0
2020-07-06,90.6611328125,91.12916897526443,89.6959534658751,89.72748052152446,118655600,,0,0
2020-07-07,90.37979888916016,91.81786146647752,90.26824790864458,91.03941723603027,112424400,,0,0
2020-07-08,92.48478698730467,92.51631404514396,91.26982594707978,91.3571322149976,117092000,0.2055445833333333,0,0
2020-07-09,92.88249206542967,93.43055216626936,91.83486136183558,93.37720039708492,125642800,,0,0
2020-07-10,93.04495239257812,93.10315902275178,91.86637359176252,92.477487703217,90257200,0.22082958333333336,0,0
2020-07-13,92.61573791503906,96.9590339515966,92.4023308274818,94.34965940036577,191649200,0.2530395833333333,0,0
2020-07-14,94.14837646484376,94.33995142456509,91.0636910214966,91.9973358727136,170989200,0.21914958333333331,0,0
2020-07-15,94.7958755493164,96.27274058885732,93.5978917581658,96.02295896280788,153198000,0.17906958333333334,0,0
2020-07-16,93.62940979003906,94.4854581347257,93.03041795220672,93.66821174965897,110577600,0.18765958333333335,0,0
2020-07-17,93.44026947021484,94.2356912649812,92.96737837668049,94.08049080295564,92186800,0.17475208333333334,0,0
2020-07-20,95.40940856933594,95.54763916358736,93.18319885433614,93.527561622358,90318000,,0,0
2020-07-21,94.09259033203124,96.2751504170526,93.84280875166304,96.19997393951472,103433200,0.1679570833333333,0,0
2020-07-22,94.35692596435548,95.0383691628231,93.70700981931506,93.79430867429808,89001600,0.17606208333333334,0,0
2020-07-23,90.06214141845703,94.1677781639269,89.25216991066098,94.09017424204148,197004400,0.15115458333333334,0,0
2020-07-24,89.83902740478516,90.1833901651154,86.47303332227233,88.26031386604993,185438800,0.12777458333333333,0,0
2020-07-27,91.96824645996094,92.06040019801183,90.6781163294016,90.90121836821324,121214000,0.13270833333333334,0,0
2020-07-28,90.4574203491211,91.71603062810593,90.45256547899412,91.53899808495449,103625600,0.14776,0,0
2020-07-29,92.19133758544922,92.3756450249379,90.9036277454174,90.9400022661806,90329200,0.15742166666666665,0,0
2020-07-30,93.306884765625,93.41116087548794,90.95699413710132,91.3644036366013,158130000,0.15043214285714285,0,0
2020-07-31,103.0750503540039,103.22540332463862,97.80294963723614,99.80120988768464,374336800,0.14225089285714285,0,0
2020-08-03,105.67227935791016,108.2913483817096,104.6586032735747,104.95688173530397,308151200,0.11634630952380953,0,0
2020-08-04,106.3779754638672,107.46925546567044,105.1387625467804,105.86143507889906,173071600,0.09231797619047619,0,0
2020-08-05,106.7635726928711,107.08368330710016,105.63349060376568,106.0991067154368,121776800,0.10937297619047619,0,0
2020-08-06,110.48846435546876,110.98318005233068,106.506508834704,107.095798287908,202428800,,0,0
2020-08-07,107.97642517089844,110.46660028081872,107.17956943228634,110.00986453782278,198045600,0.05785297619047619,0,0
2020-08-10,109.54586029052734,110.56379606115888,106.8953408360196,109.42195650024055,212403600,0.050115476190476196,0,0
2020-08-11,106.28797912597656,109.30777067354109,106.0280273176538,108.80973853697522,187902400,0.04228047619047619,0,0
2020-08-12,109.82040405273438,110.07792409073808,107.1844602607275,107.37881248840726,165598000,0.03711547619047619,0,0
2020-08-13,111.76393127441406,112.76729092425326,110.7119798713676,111.2002995590764,210082000,0.07049547619047619,0,0
2020-08-14,111.66432189941406,111.75420996900904,109.85438662016136,111.58900987277718,165565200,0.07597547619047619,0,0
2020-08-17,111.372802734375,112.81103430343862,110.7460105520112,112.78673842355067,119561600,0.06532130952380952,0,0
2020-08-18,112.3008270263672,112.7259788863913,110.78971554731912,111.12497934318772,105633600,0.020255059523809522,0,0
2020-08-19,112.4417495727539,113.85568519716752,112.3470052838106,112.7089894111577,145538000,0.031850059523809524,0,0
2020-08-20,114.93677520751952,115.05095915162076,112.46603216773778,112.48304002227763,126907200,0.05615755952380952,0,0
2020-08-21,120.8597412109375,121.343197228119,115.88424717471018,115.89639140480683,338054800,0.07793922619047619,0,0
2020-08-24,122.30525970458984,125.15013843519527,120.43945211980872,125.06509916365437,345937600,0.056775892857142865,0,0
2020-08-25,121.3019027709961,121.64688641801344,119.57943117585933,121.1780064067377,211495600,0.04323172619047619,0,0
2020-08-26,122.95149230957033,123.4082280829776,121.5521329040774,122.61866031262532,163022400,0.026256726190476188,0,0
2020-08-27,121.481689453125,123.88683296878132,120.33741816118452,123.55400095827326,155552400,-0.01315541666666667,0,0
2020-08-28,121.28491973876952,122.8737679503836,121.06140802616056,122.45590402911932,187630000,,0,0
2020-08-31,125.39794158935548,127.30262866474357,122.44374970807397,123.97915723775616,225702700,-0.014347916666666669,0,0
2020-09-01,130.39288330078125,130.99539444262734,126.84590719277946,129.01296330050218,151948100,0.006952916666666665,1,1
2020-09-02,127.69131469726562,134.0856002645823,123.41550776119644,133.70660835355852,200119000,-0.004882083333333335,1,0
2020-09-03,117.46826934814452,125.2036047031375,117.0989971713552,123.32808431407489,257599600,-0.00429708333333334,1,0
2020-09-04,117.54598999023438,120.20865338231155,107.76020880398583,116.68111019411374,332607200,-0.015726250000000008,1,0
2020-09-08,109.6357421875,115.6315969151868,109.49969417268504,110.73384613966655,231366600,-0.023331250000000008,1,0
2020-09-09,114.00875091552734,115.7773827976727,112.00689488795123,113.95044673268514,176940500,,1,0
2020-09-10,110.28683471679688,117.09898522798876,109.32477873982351,116.96293720757076,182274400,-0.044376250000000006,1,0
2020-09-11,108.83890533447266,111.9777448844309,106.89535345349992,111.33636920496012,180860300,,0,0
2020-09-14,112.10405731201172,112.6579692235783,109.61631362694924,111.4821213907461,140150100,-0.05397625000000002,0,0
2020-09-15,112.27897644042967,115.4761197012607,110.40344885623584,114.9902318029106,184642000,-0.03762875,0,0
2020-09-16,108.96521759033205,112.72599259867744,108.8777613272375,111.97772849620064,154679000,-0.02183958333333334,0,0
2020-09-17,107.2257308959961,109.03323435377406,105.64173911915216,106.62323468611042,178011000,0.01902916666666666,0,0
2020-09-18,103.82450103759766,107.75047533208858,103.0956693411613,107.2840271982426,287104900,-0.03740583333333334,0,0
2020-09-21,106.97308349609376,107.07997942887016,100.19008504511056,101.58944459122996,195713800,,0,0
2020-09-22,108.6542510986328,109.67461866621314,106.07905112970724,109.49969872360111,183055400,-0.015730833333333343,0,0
2020-09-23,104.09662628173828,108.94578544391972,103.75649882076176,108.46961737823794,150718700,-0.02261125000000001,0,0
2020-09-24,105.1655731201172,107.13827671141094,102.03645401086756,102.20165410941536,167743300,-0.022455416666666676,0,0
2020-09-25,109.1109848022461,109.26647248780472,104.6310978054254,105.36964948370712,149981400,-0.027955416666666677,0,0
2020-09-28,111.71534729003906,112.06518717809004,109.5968757075354,111.76393904662548,137672400,-0.015862083333333343,0,0
2020-09-29,110.86988067626952,112.05544815901068,110.36456059896766,111.31690400095869,99382200,0.024345416666666654,0,0
2020-09-30,112.54133605957033,113.95041520558416,110.41315241996158,110.57835250168256,142675200,0.008632916666666653,0,0
2020-10-01,113.4936981201172,114.3974499230098,112.5607942290766,114.31970607857448,116120400,,0,0
2020-10-02,109.83009338378906,112.11377235625194,109.05267722245038,109.70376520376246,144712000,0.03223624999999998,0,0
2020-10-05,113.21187591552734,113.3576437621792,110.34514039230348,110.69498025864372,106243800,,1,0
2020-10-06,109.96613311767578,112.84258807364456,109.08181374151268,112.43443667707562,161498200,0.03683541666666665,1,1
2020-10-07,111.8319320678711,112.28866776259808,110.90874084698108,111.38491620458018,96849000,,1,0
2020-10-08,111.72506713867188,113.11470685692662,111.35578758231397,112.9689390012096,83477200,0.05085374999999999,1,1
2020-10-09,113.66860961914062,113.69776170512304,111.67646638432409,112.02630624423392,100506900,0.08341124999999998,1,1
2020-10-12,120.88890838623048,121.64689230757452,115.91341372886068,116.67139765020474,240226800,0.07821541666666665,1,1
2020-10-13,117.68206024169922,121.85097975069426,116.27298814951598,121.73436397339964,262330500,0.06428291666666665,1,1
2020-10-14,117.76950073242188,119.55756448106015,116.24381316344191,117.58486097492064,150712000,0.07767291666666665,0,0
2020-10-15,117.30303955078124,117.7792075503629,114.81529622261272,115.36920805471462,112559200,0.08887291666666665,0,0
2020-10-16,115.66075134277344,118.1193503209673,115.45667931642107,117.85696670561362,115393800,,0,0
2020-10-19,112.70655059814452,117.02122972774796,112.39558266615455,116.57421378889114,120639300,,0,0
2020-10-20,114.193359375,115.6218707751005,112.36641639732156,112.9203282244973,124423700,0.13926291666666665,0,0
2020-10-21,113.57141876220705,115.35948233455616,113.16326736933642,113.3770591908259,89946000,0.13742741666666664,0,0
2020-10-22,112.4830322265625,114.7083993693713,111.35576890640716,114.13504787679302,101988000,,0,0
2020-10-23,111.79308319091795,113.2604666496336,111.05453154484074,113.104978970855,82572600,,0,0
2020-10-26,111.80281829833984,113.26048212275596,109.6940589976644,110.79217049039062,111850700,0.11490741666666664,0,0
2020-10-27,113.3090591430664,113.9698669973098,111.30720332612076,112.2303873896094,92276800,,0,0
2020-10-28,108.06145477294922,112.17206924227747,107.96427868585248,111.80279714568576,143937800,0.16183741666666665,0,0
2020-10-29,112.06517028808594,113.62972971438175,109.03322751995996,109.19843501901768,146129200,0.15687491666666664,0,0
2020-10-30,105.7874984741211,108.8291536074435,104.67967481973224,107.92540195106734,190272600,0.1550561666666666,0,0
2020-11-02,105.70002746582033,107.55612239802188,104.2909558285608,106.03043502111758,122866900,0.16379699999999997,1,1
2020-11-03,107.32291412353516,108.34327419283328,105.6611785129121,106.56493023946784,107624400,0.19820949999999998,1,1
2020-11-04,111.70560455322266,112.32754035689705,109.17898942403804,110.9184686735228,138235500,,1,0
2020-11-05,115.67046356201172,116.24381509607196,113.57143184766636,114.62094399780884,126387100,0.20455116666666662,1,1
2020-11-06,115.5390625,116.03551785418252,113.0470194186013,115.17888245464516,114457900,,1,0
2020-11-09,113.23196411132812,118.7514365224502,112.9691352746871,117.30099476626944,154515300,0.18914866666666663,1,1
2020-11-10,112.89128112792967,114.468269334149,111.1001247688642,112.48243288386192,138023400,0.20606116666666666,1,1
2020-11-11,116.31781768798828,116.45410042104282,113.34879251575484,114.07888176862647,112295000,0.1988928333333333,0,0
2020-11-12,116.04523468017578,117.33019127391832,115.4222258727158,116.44435364296932,103162300,0.19758616666666665,0,0
2020-11-13,116.09393310546876,116.49304471994895,114.74083488923566,116.26915483122532,81581900,,0,0
2020-11-16,117.10633087158205,117.7780080013021,115.01340665149156,115.76296175843656,91183000,0.18614033333333332,0,0
2020-11-17,116.22047424316406,117.46649204968942,115.80188944001708,116.3762301824057,74271000,0.15418283333333332,0,0
2020-11-18,114.89659118652344,116.6390719587161,114.8673888013958,115.4611953885004,76322100,0.14593366666666668,0,0
2020-11-19,115.49038696289062,115.89923517011198,113.70896736833063,114.46825901798518,74113000,0.15377916666666666,0,0
2020-11-20,114.2248992919922,115.61693649962824,114.17623112885316,115.490390363244,73604300,0.16518083333333333,0,0
2020-11-23,110.82754516601562,114.4974645720946,110.73020141936895,114.06914317462709,127959300,0.10384333333333333,0,0
2020-11-24,112.11248779296876,112.77443558427984,109.6009793412134,110.88594337156805,113874200,0.07953133333333333,0,0
2020-11-25,112.94964599609376,113.6505326965225,112.1124765957872,112.48239314704134,76499200,0.05767883333333333,0,0
2020-11-27,113.49480438232422,114.3709129708123,113.1346317708944,113.47533860340312,46691300,,0,0
2020-11-30,115.88949584960938,117.75852242774822,113.7089574149293,113.86471334319992,169410200,0.05971883333333333,0,0
2020-12-01,119.46206665039062,120.19215587053868,116.82401182614448,117.79746411967524,127728200,0.05763383333333334,0,0
2020-12-02,119.8125228881836,120.0948249747314,117.68065976068436,118.78065829638932,89004200,0.07415633333333334,0,0
2020-12-03,119.67623138427734,120.49392777356492,118.96560791819012,120.24082808918226,78967600,0.09750099999999999,0,0
2020-12-04,119.00454711914062,119.59835363347426,118.29392365175956,119.34525394863078,78260400,,0,0
2020-12-07,120.46471405029295,121.2629445857138,119.0045356981682,119.06294045566084,86712000,,0,0
2020-12-08,121.07799530029295,121.66207262611567,119.82224093273688,121.06826612455384,82225500,0.131661,0,0
2020-12-09,118.5470199584961,122.6063142688594,117.78772835245422,121.22401378468822,115089200,0.12312433333333332,0,0
2020-12-10,119.96826171875,120.5815414329292,116.9602976178108,117.3010044441038,81312200,0.08832183333333334,0,0
2020-12-11,119.16029357910156,119.50100038149354,117.3496717985599,119.179759356302,86939800,0.04809933333333333,0,0
2020-12-14,118.5470199584961,120.07533977310264,118.31339348591052,119.3452505477775,79184500,0.06681683333333333,0,0
2020-12-15,124.4850845336914,124.5045577398364,120.8346382009764,121.0390623043862,157243700,0.0719545,0,0
2020-12-16,124.41693878173828,124.9620697049553,123.20012338037756,124.0275637947843,98208600,0.06294649999999999,0,0
2020-12-17,125.28329467773438,126.13993736355808,124.6408126633666,125.4779821462302,94359800,0.054604833333333325,0,0
2020-12-18,123.29747772216795,125.67270382324948,122.77181256405063,125.53642108894336,192541500,0.07240983333333334,0,0
2020-12-21,124.82579040527344,124.90366837554562,120.1726893708652,121.70100925990955,121251600,0.03256108333333334,0,0
2020-12-22,128.37889099121094,130.84172406271304,126.20808171972652,128.11605471749206,168904800,0.04808858333333333,0,0
2020-12-23,127.48329162597656,128.9142525259575,127.30806252669927,128.65143115759162,88223700,0.06105275,0,0
2020-12-24,128.4665069580078,129.91695629713385,127.61960817236115,127.83376887622416,54930100,0.03579275,0,0
2020-12-28,133.06118774414062,133.693925752392,129.96560192767902,130.43286969291617,124486200,0.009902250000000001,0,0
2020-12-29,131.2895050048828,135.10543618196706,130.77357648181422,134.38509099699746,121047300,0.008237250000000002,0,0
2020-12-30,130.17002868652344,132.37976932791838,129.85851685438772,131.98065036313264,96452100,-0.005207749999999999,0,0
2020-12-31,129.16738891601562,131.16296911492586,128.2231389904879,130.5204870277971,99116600,-0.054717749999999996,0,0
2021-01-04,125.9744644165039,130.0629610638514,123.394814362578,129.97535392263828,143301900,0.008013916666666673,0,0
2021-01-05,127.53196716308594,128.24259796257226,125.02045870880843,125.46825325569432,97664900,0.05594391666666667,0,0
2021-01-06,123.2390594482422,127.57092663069264,123.02489875437408,124.32932869572905,155088000,0.07653891666666666,0,0
2021-01-07,127.44439697265624,128.1355547694855,124.46563475873128,124.952360999012,109578200,0.09541641666666667,0,0
2021-01-08,128.5443878173828,129.10899197173987,126.77269738263776,128.91428961570313,105158200,0.10794291666666667,0,0
2021-01-11,125.55587768554688,126.7142883378028,125.08862472498863,125.76030921099948,100384500,0.06501458333333333,0,0
2021-01-12,125.38066864013672,126.24704065814508,123.4921686595174,125.08862995743296,91951100,0.11246624999999999,0,0
2021-01-13,127.41516876220705,127.96029966424209,125.07888922385592,125.34171064567089,88636800,0.1348475,0,0
2021-01-14,125.48773956298828,127.52225130518217,125.34171280576037,127.32756381591491,90221800,0.1288725,0,0
2021-01-15,123.76472473144533,126.76295959555424,123.6284420036996,125.3611859080536,111598500,0.11132583333333332,0,0
2021-01-19,124.43639373779295,125.29303640790388,123.57002189323131,124.3877181581364,90757300,0.10630708333333332,0,0
2021-01-20,128.52493286132812,128.97272754861257,125.13732230785592,125.24440267739962,104319500,0.07794208333333333,0,0
2021-01-21,133.23641967773438,135.96208925479198,130.0434971272025,130.2479286583061,120150900,,0,0
2021-01-22,135.3780059814453,136.13729751698824,131.435521560002,132.66206599733243,114459400,0.056252083333333334,0,0
2021-01-25,139.12579345703125,141.23818305206848,132.91516336360118,139.27182020640586,157611700,0.032002083333333334,0,0
2021-01-26,139.3594207763672,140.46915569228537,137.6169330170498,139.787742121757,98390600,0.058484583333333326,0,0
2021-01-27,138.28866577148438,140.4692048133965,136.68247501830064,139.6222910011425,140843800,0.08577958333333333,0,0
2021-01-28,133.45057678222656,138.22050212672593,133.07093096645875,135.81607367562873,142621100,0.06555258333333333,0,0
2021-01-29,128.456787109375,133.10988846080656,126.7532453845792,132.22404319902353,177523800,0.060427583333333326,0,0
2021-02-01,130.57887268066406,131.78595871131816,127.4540846986948,130.19922693086417,106239800,0.018245083333333318,0,0
2021-02-02,131.40635681152344,132.69130637282277,131.03644011259044,132.12670214686938,83305400,-0.008182416666666687,0,0
2021-02-03,130.38421630859375,132.165635975879,130.0629752354402,132.15589194554707,89880900,-0.013653250000000016,0,0
2021-02-04,133.7426300048828,133.75235918193923,131.01696020484349,132.68157041122387,84183100,0.012146749999999986,0,0
2021-02-05,133.32827758789062,133.97171978594034,132.45086722756864,133.90348403057772,75693800,,0,0
2021-02-08,133.47451782226562,133.52326614630692,131.53444758226135,132.61659492201852,71297200,-0.0022215833333333462,0,0
2021-02-09,132.59706115722656,134.4201468877061,132.44108738356064,133.1917548672735,76774200,-0.002263250000000011,0,0
2021-02-10,131.99269104003906,133.55254857926334,131.02752751410483,133.0553363647348,73046600,-0.00456325000000001,0,0
2021-02-11,131.73915100097656,132.96752812373632,130.41327725499468,132.48981847138168,64280000,0.003956749999999985,0,0
2021-02-12,131.9731903076172,132.1291790385852,130.3353532601655,130.97879561848046,60145100,0.03325174999999998,0,0
2021-02-16,129.84786987304688,132.59709996571863,129.45789813500429,132.09015902011436,80576300,0.06414799999999998,0,0
2021-02-17,127.55683135986328,128.90220781232136,126.2212134982147,127.95654680963716,97918500,0.059236333333333314,0,0
2021-02-18,126.4551773071289,126.73789375549588,124.212888519352,125.9579652802824,96856700,0.09898133333333332,0,0
2021-02-19,126.61116027832033,127.43009341839544,125.56801758188448,126.9718859638425,87668800,0.05442883333333333,0,0
2021-02-22,122.8382568359375,126.4649113230703,122.44829262823367,124.7978141491878,103916400,0.015907833333333326,0,0
2021-02-23,122.70179748535156,123.53046696039274,115.4192408942732,120.654494241735,158273000,,0,0
2021-02-24,122.20459747314452,122.40932706149796,119.16289223137868,121.8048894495832,111039900,0.009450333333333321,0,0
2021-02-25,117.95398712158205,123.28672920715788,117.51528197921584,121.5513960656033,148199500,,0,0
2021-02-26,118.21721649169922,121.71712880247114,118.15871701805524,119.51383705660506,164560400,0.011530333333333326,0,0
2021-03-01,124.58335876464844,124.71984514122286,119.70882406427694,120.64473383419433,116307900,0.04949783333333334,0,0
2021-03-02,121.98035430908205,125.49001767022229,121.87311395477931,125.18779891061432,102260900,0.06397616666666667,0,0
2021-03-03,118.99713134765624,122.55554294590044,118.78265064406548,121.6781252666424,112966300,0.057156166666666675,0,0
2021-03-04,117.11556243896484,120.49849054949536,115.64345838509745,118.69491428410296,178155000,0.08780116666666668,0,0
2021-03-05,118.37318420410156,118.8801399153452,114.61979443770964,117.94423026145166,153766600,0.13109783333333333,0,0
2021-03-08,113.4401626586914,117.96372988743823,113.29392514231552,117.89548670485604,154376600,0.12934033333333333,0,0
2021-03-09,118.05147552490234,118.99713642859442,115.80919406877892,116.04316964725494,129525800,0.11921699999999999,0,0
2021-03-10,116.96935272216795,119.10439413289248,116.4526457307637,118.63644290778188,111943300,0.11401950000000001,0,0
2021-03-11,118.89965057373048,120.1182842596345,118.21721868480412,119.46509838909788,103026500,0.0863965,0,0
2021-03-12,117.99298858642578,118.12947496626138,116.16991732521446,117.37879987716552,88105100,0.1002445,0,0
2021-03-15,120.87872314453124,120.88847429766528,117.39830527073744,118.36346860634158,92403800,0.10249449999999997,0,0
2021-03-16,122.4190673828125,124.02766536377308,121.5903979495752,122.54580261068884,115227900,0.09759449999999999,0,0
2021-03-17,121.62940216064452,122.70179839737172,119.27012151430436,120.93721906750288,111932600,0.09689949999999999,0,0
2021-03-18,117.50552368164062,120.08902837100626,117.30079413178964,119.79655333524822,121229700,0.07424616666666664,0,0
2021-03-19,116.97908020019533,118.3829485565644,116.6768614326796,116.89134214689705,185549500,0.07263316666666667,0,0
2021-03-22,120.29375457763672,120.7617131342542,117.24229884140364,117.31054202279068,111912300,,0,0
2021-03-23,119.46509552001952,121.1224343178664,119.07513126230567,120.23527288356824,95467100,0.07104116666666666,0,0
2021-03-24,117.07657623291016,119.81606991796892,117.0570813659124,119.73807557407793,88530500,0.06921449999999998,0,0
2021-03-25,117.56404113769533,118.60719885311322,116.01394245162524,116.54039316706906,98844700,0.0705945,0,0
2021-03-26,118.16846466064452,118.43169368935104,115.93592696323272,117.33004413015976,94071200,0.0596545,0,0
2021-03-29,118.3439712524414,119.50411307157158,117.70053643972987,118.59744917887969,80819200,0.05286824999999999,0,0
2021-03-30,116.8913345336914,117.37878796591036,115.87743050212212,117.09606408266949,85671900,0.01666525,0,0
2021-03-31,119.08488464355467,120.42050239594532,118.1099776999938,118.59743117177425,118323800,0.00750275,0,0
2021-04-01,119.9135513305664,121.06394179532072,119.41634671803332,120.55699346889742,75089100,-0.009291,0,0
2021-04-05,122.74079132080078,122.99426922039768,119.98180275866348,120.76173132452315,88651200,-0.034668500000000005,0,0
2021-04-06,123.04300689697266,123.93991951774667,122.49706137788412,123.32573080877204,80171300,-0.0410085,0,0
2021-04-07,124.69061279296876,124.71010766120962,121.9998672607504,122.6725555032926,83466700,-0.05818516666666666,0,0
2021-04-08,127.0888671875,127.11811320514344,125.29504201784056,125.71424485466244,88844600,-0.05723516666666667,0,0
2021-04-09,129.66262817382812,129.70161790758218,126.22120772891054,126.54292881700624,106686700,-0.05659116666666666,0,0
2021-04-12,127.94677734375,129.51637793041473,127.35208358418392,129.19465689236446,91420000,-0.07923916666666667,1,0
2021-04-13,131.0567626953125,131.28100205330475,128.61949478941824,129.11670696279845,91266500,-0.10168416666666666,1,0
2021-04-14,128.7169952392578,131.61247078663607,128.35628433887234,131.55397873531984,87222800,-0.08796916666666667,1,0
2021-04-15,131.12503051757812,131.61248416262487,130.2866096530615,130.46210070074878,89347100,-0.09803416666666667,1,0
2021-04-16,130.7935028076172,131.29069993150603,129.93558004398386,130.92998916765907,84922400,-0.08178583333333334,1,0
2021-04-19,131.45643615722656,132.07063223335706,129.99407588140957,130.1598082608944,94264200,-0.04284033333333333,1,0
2021-04-20,129.7698516845703,132.1291244816628,128.5024698015972,131.63192734239016,94812300,-0.02248033333333333,1,0
2021-04-21,130.15005493164062,130.39378162626917,128.00526299408884,129.03866179917034,68847100,-0.022454777777777775,0,0
2021-04-22,128.62925720214844,130.78379376444718,128.11255758082413,129.7016461870522,84566500,-0.005720111111111109,0,0
2021-04-23,130.94949340820312,131.72940697661994,128.84369107132306,128.84369107132306,78657500,0.0019140555555555497,0,0
2021-04-26,131.33949279785156,131.67095765954295,130.20859693053708,131.44673317968144,66905100,-0.0016573730158730253,0,0
2021-04-27,131.0177459716797,132.01215523774303,130.7447732125093,131.62218352757128,66015800,0.014086376984126976,0,0
2021-04-28,130.22808837890625,131.63195694182536,129.74063484322053,130.93976637575503,107760100,0.04254187698412697,0,0
2021-04-29,130.13058471679688,133.63051222031285,129.12643167740748,133.04556205861587,151101000,0.05549854365079364,0,0
2021-04-30,128.16128540039062,130.2085812488916,127.78107225167612,128.4732479162047,109839500,0.05177029365079364,0,0
2021-05-03,129.21420288085938,130.70582468818057,128.52202705041333,128.7267492463858,75135100,0.06656829365079364,0,0
2021-05-04,124.64185333251952,128.19052150938094,123.52070884107248,127.89804644623833,137564700,0.06662829365079365,0,0
2021-05-05,124.8855972290039,127.17661983745884,124.75885455406907,125.95798604278042,84000900,0.053684793650793636,0,0
2021-05-06,126.48445129394533,126.49419500952705,123.9399357544084,124.6808672259151,78128300,0.051497293650793655,0,0
2021-05-07,127.15828704833984,128.18366637628174,126.44538526075344,127.7832868325616,78973300,0.047917293650793655,0,0
2021-05-10,123.87700653076172,126.50395575349484,123.83794311938117,126.37701270502988,88071200,0.04525896031746032,0,0
2021-05-11,122.95903778076172,123.3105935686965,119.89262343355486,120.60551762571262,126142800,0.04245229365079365,0,0
2021-05-12,119.8926239013672,121.7187992057643,119.38481447185008,120.50786329646682,112172300,0.04055979365079365,0,0
2021-05-13,122.04106903076172,123.19341357180042,121.34771025318692,121.66021008886268,105861300,0.06640479365079366,0,0
2021-05-14,124.46294403076172,124.89263410961188,122.90044481301196,123.29107148009538,81918000,0.0262342380952381,0,0
2021-05-17,123.3105926513672,123.95512773405063,122.23637496414496,123.84770522027009,74244600,0.010026238095238102,0,0
2021-05-18,121.92388153076172,124.01372562566158,121.85552242300643,123.59380326356953,63342900,0.021949571428571436,0,0
2021-05-19,121.7676239013672,121.99222918408068,119.98051210138632,120.27348393601976,92612000,0.02430850000000001,0,0
2021-05-20,124.3262176513672,124.72661200774762,122.16801458440844,122.29497252696002,76857100,0.02208350000000001,0,0
2021-05-21,122.4902801513672,125.00004641017313,122.27543512950636,124.82426479688549,79295400,-0.007856499999999985,0,0
2021-05-24,124.1211395263672,124.94145621305331,122.98833046928488,123.05668957229344,63092900,-0.02862033333333332,0,0
2021-05-25,123.92583465576172,125.31255964913692,123.35942638033973,124.82427074399982,72009500,,0,0
2021-05-26,123.87700653076172,124.40435140852335,123.45708417165064,123.98442904941228,56575900,0.007384666666666678,0,0
2021-05-27,122.3437957763672,124.64848475719648,122.148486181619,123.4766122875404,94625600,-0.006082333333333312,0,0
2021-05-28,121.6894989013672,122.85161109201668,121.63090751379944,122.62699835536804,71311100,-0.008396499999999982,0,0
2021-06-01,121.36722564697266,122.41214756264262,121.03519786563034,122.14847888043448,67637100,0.0406855,0,0
2021-06-02,122.1289520263672,122.30473364370846,121.14262887683677,121.36723416808287,59278900,0.06367216666666667,0,0
2021-06-03,120.6445770263672,121.9238719931058,120.24418267613343,121.7578580944845,76229200,0.03275716666666667,0,0
2021-06-04,122.93950653076172,123.20318269390796,120.94731726161272,121.16216229807738,75169300,0.05413716666666666,0,0
2021-06-07,122.94927978515624,123.35943444565716,121.90435770211774,123.21294850959708,71057600,0.04346133333333334,0,0
2021-06-08,123.76959228515624,125.44928928445928,123.25201508828968,123.6328740614777,74403800,0.033266333333333335,0,0
2021-06-09,124.15045928955078,124.7559310697122,123.55475522616524,124.22858612258804,56877900,0.08840758333333334,0,0
2021-06-10,123.15435028076172,125.18560293992084,122.98833637271277,124.04301866252897,71186400,0.09029383333333332,0,0
2021-06-11,124.36528778076172,124.45318231886102,123.14458411693292,123.56450647531338,53522400,0.08867133333333332,0,0
2021-06-14,127.42192840576172,127.4805197980516,124.09185265030386,124.82427485626314,96906500,0.11763299999999999,0,0
2021-06-15,126.60161590576172,127.5391228621654,126.35747517662372,126.89458776096085,62746300,0.095973,0,0
2021-06-16,127.09966278076172,127.82232473272364,125.44928390187148,127.3145078232053,91815000,0.10330133333333333,0,0
2021-06-17,128.70120239257812,129.44339964312107,126.61135863661735,126.75785199451342,96721700,0.10947599999999999,0,0
2021-06-18,127.40238189697266,128.4277608552948,127.1875369016072,127.64652258250932,108953300,0.10947599999999999,0,0
2021-06-21,129.1992950439453,129.3067175759483,126.18171878291032,127.24616893565036,79663300,0.13720666666666664,0,0
2021-06-22,130.8398895263672,130.93755177411464,128.53520055049577,129.0332571523742,74783600,0.13033666666666668,0,0
2021-06-23,130.56643676757812,131.17191580570798,130.10745108272897,130.63480331267544,60214200,0.14693466666666666,0,0
2021-06-24,130.2832794189453,131.4844477920528,129.8145184284701,131.29889842930257,68711000,0.1556105,0,0
2021-06-25,129.99026489257812,130.7519826258196,129.6972930949088,130.33206780671978,70783700,0.1558155,0,0
2021-06-28,131.6211395263672,132.08012525724726,130.22466180559726,130.28325319231956,62111300,0.155143,0,0
2021-06-29,133.13482666015625,133.29108030597018,131.20123622200433,131.64068656233414,64556100,0.16051800000000002,0,0
2021-06-30,133.75006103515625,134.1895113589195,132.68559615169934,132.9785680012639,63261400,0.15966550000000002,0,0
2021-07-01,134.05279541015625,134.11138680082388,132.5781758729055,133.39850004575504,52485800,0.1348605,0,0
2021-07-02,136.67977905273438,136.71883502051094,134.5215680291099,134.6680465347351,78852600,0.1435759166666667,0,0
2021-07-06,138.69142150878906,139.7949270892095,136.7871274617993,136.7871274617993,108181800,0.1570071666666667,0,0
2021-07-07,141.18173217773438,141.4942246159424,139.31649311139282,140.17585849234243,104911600,0.15504916666666665,0,0
2021-07-08,139.8828582763672,140.6836320091057,137.37308477373998,138.26176048175577,105575500,0.15688166666666667,0,0
2021-07-09,141.7090606689453,142.2363981441266,139.3067090791504,139.40437134178396,99890800,0.15527666666666667,0,0
2021-07-12,141.1133575439453,142.89070940744068,140.62507602995242,142.7832868783155,76299700,0.16007416666666668,0,0
2021-07-13,142.22659301757812,144.00394430895057,140.2637073275934,140.65432645258116,100827100,0.18377833333333335,0,0
2021-07-14,145.65432739257812,146.06449685832388,144.2187789659628,144.62894843170855,127050800,0.20757642857142855,0,0
2021-07-15,145.00006103515625,146.48444087501676,143.64263914576114,145.74225840567044,106820300,0.21182933766233764,0,0
2021-07-16,142.9590301513672,146.2500420755194,142.46098847923267,144.9805223346472,93251400,0.19425808766233768,0,0
2021-07-19,139.11138916015625,140.69343127095988,138.34967125172668,140.38092397459488,121434600,0.192606420995671,0,0
2021-07-20,142.7246551513672,143.65240178359875,139.60943216409294,140.09771359109203,96350000,0.176465170995671,0,0
2021-07-21,141.9922332763672,142.7051348899588,141.24029060622254,142.11919121599766,74993500,0.17532017099567102,0,0
2021-07-22,143.35943603515625,144.72661812834664,142.39263340422124,142.5195913490058,77338200,0.167530170995671,0,0
2021-07-23,145.07821655273438,145.234470230186,143.47665361178235,144.09189315351634,71447400,0.20849183766233764,0,0
2021-07-26,145.49813842773438,146.31844783738003,144.23836371183495,144.79501181913238,72434100,0.21176746266233767,0,0
2021-07-27,143.3301544189453,145.71297050212902,142.13874637735347,145.62506850801552,104818600,0.23424996266233764,0,0
2021-07-28,141.5820770263672,143.52544245138444,139.19926130154866,141.41606313093854,118931200,0.2546413912337662,0,0
2021-07-29,142.22659301757812,143.11526866326437,141.19143892531264,141.29886141985892,56699500,0.23947847456709956,0,0
2021-07-30,142.4414520263672,142.90043773904355,140.73246710930246,140.99614324026174,70440600,0.20933797456709952,0,0
2021-08-02,142.10943603515625,143.50591381637727,141.8457598823253,142.92974528711127,62880000,0.21516847456709956,0,0
2021-08-03,143.9062957763672,144.5703513322944,141.77738110937673,142.39262044590672,64786600,0.20673972456709958,0,0
2021-08-04,143.5059356689453,144.3262450458141,142.851640220645,143.818442994135,56368300,0.21986639123376622,0,0
2021-08-05,143.6133575439453,144.37507551915724,142.74421703883584,143.53523071300444,46397700,0.2131805579004329,0,0
2021-08-06,142.9287109375,143.8773972975789,142.42992307824375,143.13410295218878,54126800,0.19929079599567096,0,0
2021-08-09,142.8798065185547,143.47640294108896,142.3223394909196,142.9873899692901,48908700,0.16939588690476187,0,0
2021-08-10,142.40061950683594,144.46425536863836,142.10720866457348,143.2221579263746,69023100,0.1644446369047619,0,0
2021-08-11,142.65484619140625,143.49594899053452,142.332095881143,142.84067348429932,48493500,0.16249713690476192,0,0
2021-08-12,145.6182861328125,145.77477386971125,142.6353039384577,142.97761899748718,72282600,0.1482871369047619,0,0
2021-08-13,145.82366943359375,146.15619466200167,145.01190613589833,145.69652128952967,59375000,0.1600403869047619,0,0
2021-08-16,147.79928588867188,147.8677548726636,143.25147091055382,145.27597699148956,103296000,0.14352288690476192,0,0
2021-08-17,146.88973999023438,148.34698930481986,145.8139053280962,146.92885446726953,92229700,0.11388844246031746,0,0
2021-08-18,143.14389038085938,147.4080844695857,142.938498348175,146.50830231259667,86326000,0.10322844246031745,0,0
2021-08-19,143.47642517089844,144.74786207926644,141.32477074631083,141.8431233828503,86960300,0.09164469246031746,0,0
2021-08-20,144.9337158203125,145.2369015772598,143.55469519339428,144.20019611537683,60549600,0.05275885912698412,0,0
2021-08-23,146.4202880859375,146.88973641640624,144.6402734925246,145.05104264712142,60131800,0.08126243055555556,0,0
2021-08-24,146.332275390625,147.54503325209566,145.87260188236166,146.16601272730568,48606400,0.0709271420940171,0,0
2021-08-25,145.0999755859375,147.01691360939662,144.5522832716624,146.51811066900615,58991300,0.10801180876068377,0,0
2021-08-26,144.2979736328125,145.84325676235127,144.2686340417797,145.09018736118287,48597200,0.09499109447496948,0,0
2021-08-27,145.3346710205078,145.48136895257556,143.60356080464544,144.2392717415958,55802400,0.08859526114163616,0,0
2021-08-30,149.75537109375,150.11725094569553,145.34447818270277,145.72590781427007,90956700,0.0951460944749695,0,0
2021-08-31,148.49371337890625,149.4423999461669,147.96557089636175,149.3054768809692,86453100,0.08573442780830283,0,0
2021-09-01,149.1587371826172,151.57446255268852,148.99247455645138,149.4717126602179,80313700,0.09464401114163615,0,0
2021-09-02,150.27371215820312,151.32020730323478,149.05117946923792,150.48887910534057,71115500,0.10744384447496949,0,0
2021-09-03,150.90940856933594,151.2321589268622,149.72599059173956,150.38126619393228,57808700,0.12793134447496948,0,0
2021-09-07,153.24691772460938,153.80438486222874,150.99745462583329,151.5647115758547,82278300,0.12410029685592186,1,1
2021-09-08,151.7016143798828,153.58919740809037,150.59644021764143,153.53051823549217,74420200,0.14035379685592186,1,1
2021-09-09,150.68450927734375,152.6796762315656,150.56713598109823,152.07330474103176,57305700,0.11517629685592187,1,1
2021-09-10,145.69651794433594,152.06346111215902,145.43244677560867,151.59401286380336,140893200,0.1190107413003663,1,1
2021-09-13,146.26377868652344,148.09268237347644,145.48135496921765,147.32004846636258,102404300,0.08590565201465203,1,1
2021-09-14,144.86524963378906,147.75043913474877,143.68184617731472,147.04625901044298,109296300,0.11487948534798535,1,1
2021-09-15,145.7552032470703,146.15619746026422,143.15365068997156,145.29552986579753,83281300,0.08611805677655679,0,0
2021-09-16,145.52047729492188,145.69652972947753,143.98498428450677,145.1781771600229,68034100,0.10060876190476191,0,0
2021-09-17,142.85047912597656,145.54984051172312,142.55706833315722,145.54984051172312,129868800,0.07776376190476192,0,0
2021-09-20,139.79908752441406,141.65733160230508,138.16578532629987,140.6401907743379,123478900,0.023465865079365083,0,0
2021-09-21,140.2782745361328,141.42257819093177,139.64256354879453,140.76728757977574,75834000,0.024251615079365085,0,0
2021-09-22,142.6450958251953,143.21233776359767,140.54233100418216,141.2758504926419,76404300,0.01833494841269842,0,0
2021-09-23,143.60357666015625,143.84808318959392,142.43972319227385,143.42752419874412,64838200,0.010783698412698425,0,0
2021-09-24,143.6915740966797,144.22949136628228,142.36145817706782,142.45926674371992,53477900,-0.0018441349206349046,0,0
2021-09-27,142.17567443847656,142.75272128103052,140.65974565510493,142.2734830351119,74150700,0.009061460317460334,0,0
2021-09-28,138.79168701171875,141.56927754565646,138.5765200764918,140.10223840010562,108972300,-0.014869253968253957,0,0
2021-09-29,139.69149780273438,141.2758956284847,138.9090737803711,139.33940773884575,74602000,-0.005243539682539669,0,0
2021-09-30,138.3906707763672,141.20739026450596,138.17550387527373,140.50321039247126,89056700,-0.03805453968253967,0,0
2021-10-01,139.51541137695312,139.77948259151805,136.0532056936857,138.7818918325454,94639600,-0.020344539682539676,0,0
2021-10-04,136.08255004882812,139.08509731906585,135.23167212302508,138.6449736382081,98322000,-0.006099539682539683,0,0
2021-10-05,138.00921630859375,139.11439019866032,136.29767121968868,136.42481934466664,80861100,0.023842460317460318,0,0
2021-10-06,138.87969970703125,139.02639764577518,135.32946035449564,136.4052949835953,83221100,0.04298674603174603,0,0
2021-10-07,140.14132690429688,141.05089876617805,139.58385989252358,139.91638512224736,61732700,0.02805457936507937,0,0
2021-10-08,139.75987243652344,141.01174419127682,139.4273472661802,140.86504629950434,58773200,0.03423000793650795,0,0
2021-10-11,139.67189025878906,141.62794225299882,138.69386426168418,139.14376278668908,64452200,0.0338029246031746,1,1
2021-10-12,138.40045166015625,140.10222224522562,137.94077825367475,140.0826575469626,73035900,0.06990292460317461,1,1
2021-10-13,137.81365966796875,138.292882900144,136.14122849083293,138.13641006788947,78762700,0.08674431349206349,1,1
2021-10-14,140.60104370117188,140.71841699528724,138.40048471107957,138.98730641116916,69907100,0.09991959126984126,1,1
2021-10-15,141.65725708007812,141.71593624188964,140.3564809404601,140.61077720629643,67940300,0.08697259126984128,1,1
2021-10-18,143.32968139648438,143.6133023070473,140.01417459106327,140.29779550162618,85589200,0.1428900079365079,1,1
2021-10-19,145.49118041992188,145.89217476638268,143.32975075206528,143.7796344725122,76378900,0.13136334126984126,0,0
2021-10-20,145.98016357421875,146.45940171355207,144.86521446863128,145.43247137126255,58418800,0.16141691269841268,0,0
2021-10-21,146.19532775878906,146.35181550626882,144.62070524306984,145.54005210514717,61421000,0.17680596031746032,0,0
2021-10-22,145.4226837158203,146.87993285856993,145.3737794326728,146.40070968480316,58883400,0.16413207142857142,0,0
2021-10-25,145.37380981445312,146.08776474244283,144.3762189390256,145.41292429505054,50720600,0.16543457142857143,0,0
2021-10-26,146.03884887695312,147.52543764586656,145.7356482824783,146.04862376445527,60893400,0.15349290476190475,0,0
2021-10-27,145.57919311523438,146.43984594803317,145.22710311706854,146.07798106118008,56094900,0.14795840476190475,0,0
2021-10-28,149.21743774414062,149.804244404835,146.43005760449074,146.5278661763529,100077900,0.14489133333333334,0,0
2021-10-29,146.50830078125,146.6452238271108,143.19279317037723,143.98499185882136,124953200,0.16005425,0,0
2021-11-01,145.68675231933594,146.4104819724985,144.5522386338212,145.71609190400514,74588300,0.19759292857142857,0,0
2021-11-02,146.72349548339844,148.23943908616494,145.3835894342909,145.39337924738012,69122000,0.18666042857142856,0,0
2021-11-03,148.1611785888672,148.63062693615777,146.52787680010098,147.08534391435344,54511500,0.1759715396825397,0,0
2021-11-04,147.64283752441406,149.0805222679595,147.32986198602657,148.249208975671,60394600,,0,0
2021-11-05,148.1717071533203,149.07280247570614,146.9767728258522,148.76917431705436,65463900,0.1752790396825397,0,0
2021-11-08,147.3489990234375,148.45578635175377,147.07475321655346,148.29907019202702,55020900,0.1533665396825397,0,0
2021-11-09,147.71136474609375,148.31862107112684,146.9767746966739,147.1138975747547,56787900,0.1612587896825397,0,0
2021-11-10,144.8807373046875,147.0453357776248,144.8121833419343,146.93759531163658,65187100,0.16359078968253968,0,0
2021-11-11,144.831787109375,146.35973220816493,144.64568854947308,145.89940280376894,41000000,0.1483032896825397,0,0
2021-11-12,146.9082489013672,147.30981351364665,144.44981083290466,145.38028875154347,63804000,0.12941120634920636,0,0
2021-11-15,146.91802978515625,148.75940720761815,146.35973409824072,147.2804228094717,59222800,0.11573592857142859,0,0
2021-11-16,147.8975067138672,148.3774444007219,146.27161000683498,146.85928819705393,59256200,0.13951092857142858,0,0
2021-11-17,150.33633422851562,151.81530374274254,147.88770029718108,147.89748945260723,88807000,0.14206842857142857,0,0
2021-11-18,154.62632751464844,155.40989334552083,149.90536916424182,150.55181209560718,137827700,0.13948359523809523,0,0
2021-11-19,157.25123596191406,157.71158022509883,153.3138293695712,154.41081232255357,117305600,0.14074609523809523,0,0
2021-11-22,157.71157836914062,162.2954127503928,157.69198511799027,158.35800620438556,117467900,0.10537984523809522,0,0
2021-11-23,158.09359741210938,158.4755836899061,155.79187564508103,157.8095475198677,96041900,0.12197174999999998,0,0
2021-11-24,158.61270141601562,158.8085891260157,156.35995538782916,157.44714936539495,69463600,0.12736424999999998,0,0
2021-11-26,153.5880889892578,157.15329885394945,153.14733793761846,156.2913900038225,76959800,,0,0
2021-11-29,156.94761657714844,157.8780943084946,155.52739720558188,156.09548196515397,88748200,0.13499841666666665,0,0
2021-11-30,161.90365600585938,162.11913695746247,156.6341917361946,156.7027606504653,174048100,0.17913174999999998,0,0
2021-12-01,161.38453674316406,166.800912709941,161.14946255292463,164.0388470193993,152052500,0.1765050833333333,0,0
2021-12-02,160.395263671875,160.8262255061017,154.55773049536117,155.4784189693417,136739200,0.17057008333333332,0,0
2021-12-03,158.51473999023438,161.57064486360198,156.43830349501886,160.64995624545222,118023100,0.16542058333333334,0,0
2021-12-06,161.92324829101562,164.43064668165096,160.9046083540242,160.91439750803002,107497000,0.1783755833333333,0,0
2021-12-07,167.66285705566406,168.05464745577578,164.881212468611,165.606013499861,120405400,0.20367433333333335,0,0
2021-12-08,171.4827117919922,172.3446356103418,167.19270089919112,168.59332710400926,116998900,0.20886883333333334,0,0
2021-12-09,170.973388671875,173.11839407886248,170.3465390733042,171.31620335113058,108923700,0.24299133333333334,0,0
2021-12-10,175.762939453125,175.93924886657177,171.10074585864132,171.61006589770645,115402700,0.2252955,0,0
2021-12-13,172.12911987304688,178.3878255550168,171.92342811422424,177.39856820560254,153237000,0.18223083333333334,0,0
2021-12-14,170.74813842773438,174.08807860568035,168.67170169318734,171.64923389641092,139380400,0.16865270833333335,0,0
2021-12-15,175.6160125732422,175.81190028087914,168.76962734356553,171.5121000863054,131063300,0.14350270833333334,0,0
2021-12-16,168.7206268310547,177.4181772656769,167.2416576691539,175.5963934569458,150185800,0.14306229166666667,0,0
2021-12-17,167.6237030029297,169.90583188173005,166.2034981491601,166.4385574685124,195432700,0.12966145833333337,0,0
2021-12-20,166.26222229003906,167.07517044282818,164.01928047689202,164.82242453025603,107499100,0.10682145833333334,0,0
2021-12-21,169.4356231689453,169.6412999821802,165.64512892706966,168.0349972493165,91185900,0.10120270833333334,0,0
2021-12-22,172.0311737060547,172.24665462353272,168.61287637449038,169.4845891969166,92135300,0.08933270833333333,0,0
2021-12-23,172.65805053710938,173.21634616947264,171.66880794684926,172.23689273327608,68356600,0.11871854166666666,0,0
2021-12-27,176.62481689453125,176.71296410542078,173.4318044894933,173.45138279506557,74919600,0.12059820833333335,0,0
2021-12-28,175.60617065429688,177.60426369959058,174.86179154747876,176.458305164174,79144300,0.09880487499999999,0,0
2021-12-29,175.6943817138672,176.9186986453212,174.47985393756576,175.64540604755402,62348900,0.09505554166666667,0,0
2021-12-30,174.53858947753906,176.8599041529272,174.4308490078352,175.78249945588863,59773000,0.11926554166666667,0,0
2021-12-31,173.92152404785156,175.54740511503024,173.6178809806125,174.43082898683727,64062300,0.12221304166666666,0,0
2022-01-03,178.27029418945312,179.12242874444533,174.0586568508519,174.1761864672901,104487900,0.13029504166666667,0,0
2022-01-04,176.00779724121094,179.1812320747434,175.43971239750775,178.8776038701533,99310400,0.13488337499999997,0,0
2022-01-05,171.32598876953125,176.46811917460536,171.0517430102158,175.91962765597447,94537600,0.147219625,0,0
2022-01-06,168.46600341796875,171.69820298422886,168.11339955718992,169.15161788468467,96904000,0.15367295833333333,0,0
2022-01-07,168.63250732421875,170.56203191509988,167.51593093187975,169.33771503993543,86709100,0.17858129166666664,0,0
2022-01-10,168.65208435058594,168.95571251516662,164.71467747425172,165.6059836604726,106765600,0.19753366666666666,0,0
2022-01-11,171.4827117919922,171.58064816981238,167.31024547595837,168.77942565072323,76138300,0.20535158333333334,0,0
2022-01-12,171.92344665527344,173.5395387171234,171.22804314076478,172.5013205493631,74805200,0.20353575,0,0
2022-01-13,168.65208435058594,172.9910557649256,168.26029402106818,172.16831849084767,84505800,0.2323690833333333,0,0
2022-01-14,169.51397705078125,170.20938047210834,167.57464890209772,167.81951220867464,80440800,0.2330853333333333,0,0
2022-01-18,166.31118774414062,168.99488045377709,165.92920152184269,167.98604466295757,90956700,0.1586885833333333,0,0
2022-01-19,162.81451416015625,167.56486853489844,162.5304792855551,166.50705720159695,94815000,0.17299691666666667,0,0
2022-01-20,161.1298828125,166.19365539118294,160.80666137829382,163.54913404663756,91420500,0.19213025,0,0
2022-01-21,159.072998046875,162.91245280342872,158.96525759689624,161.04169360164727,122848900,0.16685875,0,0
2022-01-24,158.29925537109375,158.9652914615593,151.5214395660685,156.73213888196668,162294600,0.15840625,0,0
2022-01-25,156.49705505371094,159.41582185177984,153.79376918824497,155.71348938472497,115798400,0.14987708333333333,0,0
2022-01-26,156.40892028808594,161.01234841002858,154.57734716045317,160.14063545703362,108275300,0.15426083333333335,0,0
2022-01-27,155.9486083984375,160.47367939334515,155.02791959361053,159.1122394434115,121954600,0.1717425,0,0
2022-01-28,166.83030700683594,166.8499002604039,159.4550237648548,162.30523687541563,179935700,0.16741116666666667,0,0
2022-01-31,171.18885803222656,171.4043389682656,166.02713461119168,166.6637882659515,115541600,0.15670325,0,0
2022-02-01,171.0223846435547,171.2476547749565,168.76963849371157,170.43470653654342,86213900,0.14560866666666666,0,0
2022-02-02,172.22705078125,172.2662372794384,169.76862857701605,171.15945035730246,84914300,0.15166825,0,0
2022-02-03,169.3474884033203,172.618874147118,168.58351594007854,170.89502658265624,89418100,0.12839241666666665,0,0
2022-02-04,169.06307983398438,170.74008547588204,167.38607419208668,168.36677539536157,82465400,0.12918741666666667,0,0
2022-02-07,168.3472137451172,170.59301347126842,167.65090913443373,169.52405248698778,77251200,0.174107,0,0
2022-02-08,171.45599365234375,171.965962469506,168.12160057312957,168.4158139278121,74829200,0.18581533333333333,0,0
2022-02-09,172.87803649902344,173.2408912177467,171.524663818335,172.65247937368048,71285000,0.16620345833333333,0,0
2022-02-10,168.79833984375,172.09349753019532,168.23934776207386,170.77936109253946,90865900,,0,0
2022-02-11,165.38548278808594,169.7397993797007,164.79705596488338,169.0042733328554,98670700,0.17327662500000002,0,0
2022-02-14,165.62083435058594,166.30732224292808,163.34560023389338,164.13996586391173,86185500,0.159890125,0,0
2022-02-15,169.45533752441406,169.61225329281152,166.96436329942736,167.67046929290464,62527400,0.17339645833333334,0,0
2022-02-16,169.22000122070312,169.994748612644,166.76824813134002,168.53351334854412,61177400,0.154773125,0,0
2022-02-17,165.62083435058594,168.5923579851135,165.2187432406735,167.72933608370406,69589300,0.16000145833333332,0,0
2022-02-18,164.07131958007812,167.24878200376986,162.98274061084325,166.5426908818598,82772700,0.15078279166666667,0,0
2022-02-22,161.14883422851562,163.47309136847835,159.0206993785114,161.79608567118115,91162800,0.2033183869047619,0,0
2022-02-23,156.98085021972656,162.94350042130728,156.66701864895236,162.34527208329274,90009200,0.1828621369047619,0,0
2022-02-24,159.59933471679688,159.70721245821238,149.06659738297807,149.63540593186767,141147500,0.19502547023809522,0,0
2022-02-25,161.66864013671875,161.9334187541049,157.76543758855004,160.67812209433018,91974200,0.15649672023809522,0,0
2022-02-28,161.9333953857422,162.22760877136363,159.2953064697166,159.91315308309024,95056600,0.13481255357142857,1,1
2022-03-01,160.05047607421875,163.38487003337303,158.8442174624351,161.52152827152648,83474400,0.11409922023809523,1,1
2022-03-02,163.34559631347656,164.13016029917193,159.8052642347465,161.21747641613547,79724800,0.11677872023809521,1,1
2022-03-03,163.02195739746094,165.650244412823,162.3550877597844,165.21873348759095,76678400,0.08442038690476189,1,1
2022-03-04,160.02101135253906,162.3550849729684,158.9716688608393,161.31554410601458,83737200,,1,0
2022-03-07,156.22572326660156,161.83533601406552,155.97073134624392,160.2073682314536,96418800,0.07000059523809522,1,1
2022-03-08,154.40162658691406,159.73664445127486,152.7932769334802,155.75499927047608,131148300,0.08366615079365078,1,1
2022-03-09,159.80531311035156,160.25644240350374,156.33363623957086,158.3636806479608,91454900,0.06726115079365078,0,0
2022-03-10,155.4607696533203,157.29467624132576,152.96978004521466,157.10834060556428,105342000,0.07272670634920633,0,0
2022-03-11,151.74388122558594,156.20607434732403,151.51832415633135,155.86282296707049,96970100,0.05916620634920633,0,0
2022-03-14,147.7132110595703,151.14566528522778,147.2032572060636,148.52719485737234,108732100,0.04958150937950937,0,0
2022-03-15,152.0970001220703,152.56774764138217,147.47790419174856,147.9878582245259,92964300,0.01704275937950937,0,0
2022-03-16,156.51010131835938,156.9121924028267,151.47911432517645,154.01912684826212,102300200,0.012836330808080798,0,0
2022-03-17,157.52023315429688,157.89290442537197,154.58794593498652,155.549028989307,75615400,0.0394638308080808,0,0
2022-03-18,160.81539916992188,161.30574983268542,156.67683837905244,157.41236437319773,123511700,0.037530830808080805,0,0
2022-03-21,162.18838500976562,163.13966646337798,159.8641127641069,160.3544634117704,95811400,0.0765413308080808,0,0
2022-03-22,165.56201171875,166.15042355950408,161.7274657879275,162.3158776286816,81532000,0.07225799747474747,0,0
2022-03-23,166.9251708984375,169.30826781804822,164.41456305995604,164.74801286692667,98062700,0.1043863308080808,0,0
2022-03-24,170.71070861816406,170.77934993823305,166.92520042184205,167.75878767591715,90131400,0.13545133080808078,0,0
2022-03-25,171.34814453125,171.89733490405604,169.4161616355689,170.52435897204094,80546200,0.13014349747474746,0,0
2022-03-28,172.21116638183594,172.33864738407132,168.68063546771575,168.84735290472764,90371900,0.161246952020202,0,0
2022-03-29,175.5063018798828,175.55532497081904,172.93685443507036,173.28010585750482,100589400,0.15227014646464648,0,0
2022-03-30,174.33924865722656,176.14373519247044,173.28989123764686,175.10419436160848,92633200,0.16920114646464646,0,0
2022-03-31,171.2402801513672,174.5942773022763,171.03432626332767,174.40794163317304,103049300,0.1508897575757576,0,0
2022-04-01,170.94606018066406,171.5050671665747,168.62180263029362,170.67146498333403,78751300,0.15841538257575757,0,0
2022-04-04,174.99635314941406,175.0453912102986,171.0735477076942,171.20104367313095,76468400,0.16313957954545455,0,0
2022-04-05,171.68153381347656,174.85901079501437,171.0538857020469,174.07444691464946,73401800,0.16020532954545458,0,0
2022-04-06,168.513916015625,170.27918145157616,166.846726701127,169.03368653783352,89058800,0.18425282954545455,0,0
2022-04-07,168.8179168701172,170.01437362269277,166.5721175347958,167.8568338106809,77594700,0.14915866287878787,0,0
2022-04-08,166.80747985839844,168.4648674430598,165.93465630346196,168.4648674430598,76575500,0.14120380573593075,0,0
2022-04-11,162.55125427246094,165.76795361235142,162.3060789266503,165.45413695115786,72246700,0.13389747240259742,0,0
2022-04-12,164.42440795898438,166.5917497737201,163.4240882944744,164.7774610779693,79265200,0.10847697240259739,0,0
2022-04-13,167.1114959716797,167.73914420674996,163.55156041909547,164.1595904381064,70618900,0.08132697240259742,0,0
2022-04-14,162.10009765625,167.96470171120438,161.85492235187505,167.3272369412417,75329400,0.08125197240259742,0,0
2022-04-18,161.88438415527344,163.38485607115766,160.41333208367593,160.75656858845937,69023900,0.04354426785714287,0,0
2022-04-19,164.1693878173828,164.58129552240263,160.7467499371193,161.8353289533827,67723800,0.02721326785714288,0,0
2022-04-20,164.002685546875,165.62085178233113,162.89450317699752,165.50315744246095,67929800,0.04124354563492065,0,0
2022-04-21,163.20826721191406,168.21965018417353,162.70811506274873,165.65021821755522,87227800,0.02579417063492065,0,0
2022-04-22,158.6676483154297,164.63031369845396,158.38325153783305,163.2475363117759,84882400,0.021031670634920646,0,0
2022-04-25,159.7366485595703,160.02104538080667,155.40195017437114,158.01060452122857,96046400,0.014616003968253988,0,0
2022-04-26,153.77398681640625,159.20706614015833,153.69552890649263,159.11880660312406,95623200,-0.004373162698412678,0,0
2022-04-27,153.54843139648438,156.70627626102967,152.38139429047249,152.90116485569044,88063200,-0.008346496031746014,0,0
2022-04-28,160.48194885253906,161.34497072445453,155.8628394699356,156.17667104674604,130216800,-0.009884472222222204,0,0
2022-04-29,154.60755920410156,162.9925585964128,154.21528465651994,158.7167001847882,131747600,-0.02990518650793649,0,0
2022-05-02,154.91156005859375,155.17633859448196,150.31206927613945,153.6856836225158,123055300,-0.008524686507936492,0,0
2022-05-03,156.4022674560547,157.6085410477987,153.303262159751,155.09793269514185,88966500,-0.00015968650793649758,0,0
2022-05-04,162.81602478027344,163.267138972668,156.18647479117334,156.58856589280018,108256500,0.009058289682539687,0,0
2022-05-05,153.7445831298828,160.913508923705,151.95969916146092,160.687951761694,130525300,0.01494551190476191,0,0
2022-05-06,154.47129821777344,156.5927286121708,151.42665191176067,153.2239736359336,116124600,0.03211863690476191,0,0
2022-05-09,149.34454345703125,153.047223819661,148.78473018495143,152.163286830581,131577900,0.02669463690476191,0,0
2022-05-10,151.7508087158203,153.94099694086412,150.19902200842762,152.74278207802044,115366700,0.04749352579365079,0,0
2022-05-11,143.8838348388672,152.67400468671187,143.20615431110124,150.75883036017825,142689800,0.056069775793650786,0,0
2022-05-12,140.01419067382812,143.58918770892123,136.32134136947613,140.22044713133192,182602000,0.056571442460317464,0,0
2022-05-13,144.4829559326172,145.45528221531998,140.55438668965164,142.00795311338425,113990900,0.06475477579365078,0,0
2022-05-16,142.94097900390625,144.88563148350204,141.6052649207857,142.95081001781338,86643800,0.10590977579365077,0,0
2022-05-17,146.57485961914062,147.09539361682474,144.0605638169452,146.20164090899135,78336300,0.11944432124819626,0,0
2022-05-18,138.30526733398438,144.72847052072004,137.4016833512006,144.2275834099531,109742900,0.12328315458152957,0,0
2022-05-19,134.8972625732422,139.13029385475133,134.1606557844978,137.38208160836896,136095600,0.13183053553391053,0,0
2022-05-20,135.13294982910156,138.18741285426975,130.24188557508393,136.60616321771064,137426100,0.13490303553391053,0,0
2022-05-23,140.5543670654297,140.70168239695178,135.19186420352216,135.3293635083762,117726300,0.11436428553391054,0,0
2022-05-24,137.85348510742188,139.43473470985077,134.87759532556828,138.29544611720485,104132700,0.10458047601010101,0,0
2022-05-25,138.01060485839844,139.25791446992204,135.86952739968447,135.95791658734237,92482700,0.11921762878787878,0,0
2022-05-26,141.21238708496094,141.76238425203672,134.6909642722216,134.93649979225893,90601500,0.1148778371212121,0,0
2022-05-27,146.96775817871094,147.00703727273068,142.66597054796807,142.79365382955837,90978500,0.12018783712121213,0,0
2022-05-31,146.18202209472656,147.96952785545992,144.21773795482548,146.40792556095022,103718400,0.06933221807359306,0,0
2022-06-01,146.05435180664062,149.0302410387393,145.04273170111645,147.22308826530934,74286600,0.06613221807359307,0,0
2022-06-02,148.50973510742188,148.5686612441736,144.23741035730646,145.19008953159607,72348100,0.06013805140692641,0,0
2022-06-03,142.78387451171875,145.32761986647563,141.8803052539547,144.27672024908313,88570300,0.05628043235930737,0,0
2022-06-06,143.53025817871094,145.91687147884687,142.31239647541148,144.40436412307008,71598400,0.02045855735930736,0,0
2022-06-07,146.05435180664062,146.3391664090359,141.5266763270165,141.77221184112562,67808200,0.030289557359307356,0,0
2022-06-08,145.31777954101562,147.1936599216941,144.8267083969664,145.92670296402,53950200,0.031531678571428565,0,0
2022-06-09,140.09275817871094,145.30793069054988,139.98472194082933,144.45347180040457,69473000,0.03357617857142857,0,0
2022-06-10,134.68116760253906,138.2463336751748,134.61241045362357,137.7749096051149,91437900,0.024552369047619045,0,0
2022-06-13,129.52490234375,132.78560625742455,129.0927574306163,130.49721341200205,122207100,0.0273915357142857,0,0
2022-06-14,130.3892059326172,131.49903152365633,129.1320649915738,130.7526087731312,84784300,0.0394292857142857,0,0
2022-06-15,133.01153564453125,134.88743119148037,129.79994084447466,131.89189392813557,91533000,0.05497720238095236,0,0
2022-06-16,127.73741149902344,130.0258046120006,126.7356222638406,129.72134292932262,108123900,0.04347657738095236,0,0
2022-06-17,129.2106170654297,130.70347730890373,127.49186832675026,127.747234873443,134520300,0.06491324404761903,0,0
2022-06-21,133.44366455078125,134.61241624219525,130.93921376781023,131.03741900238268,81000500,0.07077657738095236,0,0
2022-06-22,132.9329833984375,135.29993525630434,131.51869590671205,132.38297105119662,73409200,0.0842749107142857,0,0
2022-06-23,135.8008270263672,136.11510478571114,133.20797181999205,134.37672361512418,72433800,0.11730252976190472,0,0
2022-06-24,139.1302947998047,139.37583039772065,137.27404627901228,137.40171459924213,89116800,0.10374052976190473,0,0
2022-06-27,139.1302947998047,140.92761717490586,138.45261415174812,140.15171629316146,70207900,0.06698831547619045,0,0
2022-06-28,134.98562622070312,140.85883237422544,134.86777395244602,139.59187553155968,67083400,0.07577144047619046,0,0
2022-06-29,136.74363708496094,138.15792407261875,134.2293557674798,135.00525640007206,66242400,0.07152377380952378,0,0
2022-06-30,134.2784881591797,135.89901685954254,131.3811715504363,134.7990223471169,98964500,0.06562496428571427,0,0
2022-07-01,136.4490203857422,136.5570566364842,133.23742590571564,133.61062978312276,71051600,0.04845468650793648,0,0
2022-07-05,139.0320587158203,139.08116882706543,134.4847351652157,135.30974606974897,73353800,0.010177662698412675,0,0
2022-07-06,140.3677520751953,141.54631963942614,138.56061414428805,138.82579671678738,74064300,-0.0019265039682539841,0,0
2022-07-07,143.7365264892578,143.93295194501383,140.72134254203155,140.73115856961377,66253700,0.00636199603174602,0,0
2022-07-08,144.41419982910156,144.91510200246088,142.41063609457171,142.66598770215515,64547800,0.012212412698412684,0,0
2022-07-11,142.28292846679688,144.02132426836204,141.2123971200697,143.0686451840122,63141600,0.024006662698412683,0,0
2022-07-12,143.2552490234375,145.7989934962315,142.45971631070495,143.15702881773996,77588800,0.025451662698412682,0,0
2022-07-13,142.89187622070312,143.83472435454556,139.58204676627264,140.43652068379964,71185600,0.03145582936507935,0,0
2022-07-14,145.8186492919922,146.29007333779407,140.69186596170863,141.5070457617974,78140700,0.04568416269841269,0,0
2022-07-15,147.48828125,148.1659617146879,145.55346006304742,147.1052464203459,76259900,0.03678582936507936,0,0
2022-07-18,144.4436798095703,148.86332029894717,144.08027695642463,148.04814036588357,81420900,0.06832461507936508,0,0
2022-07-19,148.303466796875,148.52935529848105,144.28650894193655,145.27846713272842,82982400,0.057366115079365065,0,0
2022-07-20,150.30706787109375,150.97493250294357,147.6847494340756,148.4213562417651,64823400,0.045197722222222216,0,0
2022-07-21,152.57577514648438,152.79184759877373,149.22666712229798,151.7409484002484,65086600,0.060889388888888875,0,0
2022-07-22,151.33828735351562,153.48918116011728,150.67043785379852,152.61507520531072,66675400,0.056109656746031744,0,0
2022-07-25,150.2186279296875,152.27130127731917,149.56059453535912,151.25969613523088,53623900,0.08527680952380953,0,0
2022-07-26,148.89276123046875,150.3561434947877,148.1070444852617,149.54096368293668,55138700,0.08401514285714287,0,0
2022-07-27,153.99005126953125,154.52041638898598,149.44274359614147,149.85524147444016,78620700,0.09695597619047618,0,0
2022-07-28,154.54005432128906,154.82486891584517,151.65255435703267,154.17665157972678,81378700,0.07830410119047618,0,0
2022-07-29,159.60792541503906,160.70793488273625,156.65168275313596,158.3606155964203,101786900,0.06343279166666667,0,0
2022-08-01,158.6257781982422,160.66863573230555,158.01685484186865,158.13470710792794,67829400,0.006327791666666667,0,0
2022-08-02,157.15255737304688,159.50970748502837,156.77935355303202,157.24096155464215,59907000,-0.009481708333333333,0,0
2022-08-03,163.16326904296875,163.61504600881742,157.87933984085964,157.96772903161715,82507500,-0.011616708333333333,0,0
2022-08-04,162.84898376464844,164.20434469622828,161.49362283306857,163.04540919289056,55474100,-0.010172541666666667,0,0
2022-08-05,162.622802734375,163.1145559751719,160.31155649978248,160.51809946404907,56697000,0.002546624999999998,0,0
2022-08-08,162.15072631835938,165.04223808745311,161.49177870542815,163.62598619996888,60276900,-0.014774744047619044,0,0
2022-08-09,162.1999053955078,163.0850703328182,160.55745118727944,161.31475546531706,63135500,0.005332398809523814,0,0
2022-08-10,166.44863891601562,166.54698055787682,164.14722239112217,164.91435623038078,70170500,-0.0047351011904761845,0,0
2022-08-11,165.7110137939453,168.1697800173322,165.41595884571527,167.25511117853088,57149200,0.008426773809523804,0,0
2022-08-12,169.26145935058594,169.33029699566112,166.60598003496278,167.01906593388134,68039400,0.033157130952380945,0,0
2022-08-15,170.33349609375,170.53019439574174,168.52384770403629,168.6910420110852,54091700,0.06733025595238093,0,0
2022-08-16,170.17611694335938,170.84490912166515,168.82871793209483,169.93024033504878,56377100,0.07314025595238093,0,0
2022-08-17,171.67105102539062,173.24465231523857,169.72371248841205,169.9204107737534,79542000,0.08245554004329002,0,0
2022-08-18,171.2776641845703,172.01529411647135,170.26465361199578,170.88426755707084,62290100,0.07883268290043288,0,0
2022-08-19,168.6910400390625,170.8744256820194,168.48449706975865,170.1761294599256,70346300,0.09457990512265511,0,0
2022-08-22,164.8061981201172,167.05842149370653,164.38328250419255,166.89122718275175,69026800,0.13140911345598844,0,0
2022-08-23,164.4718017578125,165.92740230652828,163.90136613852434,164.32428177313432,54147100,0.11743432178932178,0,0
2022-08-24,164.766845703125,165.33728128422243,163.5079585610888,164.5603177384026,53841500,0.12118765512265513,0,0
2022-08-25,167.22557067871094,167.33375696920737,165.57328734070867,165.9961878353945,51218200,0.10175098845598844,0,0
2022-08-26,160.9213104248047,168.228770692368,160.86230244265508,167.75669182805456,78961000,0.12385932178932177,0,0
2022-08-29,158.71827697753906,160.21319598841637,157.18400930436007,158.49205968709833,73314000,0.1339044354256854,1,1
2022-08-30,156.28904724121094,159.87884055422813,155.11867191243329,159.45593989303725,77906200,0.11509829906204905,1,1
2022-08-31,154.62689208984375,157.93147450788678,154.54820976951913,157.665923552681,87991100,0.07940454906204905,1,1
2022-09-01,155.35464477539062,155.8070492199715,152.11890099797873,154.05640939783467,74229900,0.062366691919191905,1,1
2022-09-02,153.2401580810547,157.71511602884905,152.41401615420267,157.11517641377614,76957800,0.028556691919191905,1,1
2022-09-06,151.9812469482422,154.4990209999667,151.15510515135455,153.88925181756636,73714800,-0.017592702020202015,1,0
2022-09-07,153.3876495361328,154.085930606901,151.07640372248554,152.2664529516032,87449600,-0.05982575396825396,1,0
2022-09-08,151.9124298095703,153.7810862700933,150.1617743268103,152.0894537868935,84923800,-0.05635275396825397,0,0
2022-09-09,154.7744140625,155.21700399593914,152.19763181879884,152.9057577037595,68028800,-0.05369224891774891,0,0
2022-09-12,160.7344512939453,161.5507634451195,156.67257987610813,156.9577901423654,104956000,-0.04536545725108225,0,0
2022-09-13,151.30262756347656,157.89211772902357,150.8403783347764,157.26267420589616,122656600,-0.028696082251082257,0,0
2022-09-14,152.74838256835938,154.50886749732993,151.07642462426648,152.23695501832623,87965400,-0.052643582251082253,0,0
2022-09-15,149.85687255859375,152.67954626691656,148.88321078041434,152.09926605765543,90481100,-0.025622867965367974,0,0
2022-09-16,148.2144012451172,148.85368936524756,145.92282969048466,148.71599907903905,162278800,-0.03192474296536797,0,0
2022-09-19,151.93203735351562,152.01071965232657,146.64078407072608,146.8473119738801,81474200,-0.02379624296536796,0,0
2022-09-20,154.31216430664062,155.4727097837978,150.5551772691551,150.86989154639073,107689800,-0.024390939935064932,0,0
2022-09-21,151.18460083007812,156.12180702361462,151.06658486761725,154.74488909740035,101696800,0.003786863095238094,0,0
2022-09-22,150.2207489013672,151.92221049911942,148.42093067650654,149.866686053737,86652500,0.03578998809523809,0,0
2022-09-23,147.9488983154297,148.97175363651883,146.1097456802274,148.69637297479187,96029900,0.04776070238095238,0,0
2022-09-26,148.28329467773438,151.23381448556898,147.171927414505,147.19160174855077,93339400,0.10321111904761904,0,0
2022-09-27,149.25692749023438,152.16811306913462,147.47678328794686,150.22077457787657,84442700,0.1142969713203463,0,0
2022-09-28,147.3686065673828,148.1554147485666,142.45107419388137,145.20489532446575,146691400,0.1381163869047619,0,0
2022-09-29,140.1300048828125,144.30007793360352,138.35969014393336,143.69030869298015,128138200,0.14176644246031744,0,0
2022-09-30,135.9206085205078,140.7397998435746,135.72391020279727,138.9498106360333,124925300,0.13500559018759017,0,0
2022-10-03,140.10049438476562,140.71027860420344,135.41900896557823,135.93043653465315,114311700,0.09440525685425685,0,0
2022-10-04,143.69032287597656,143.80833886784444,141.8806592936553,142.63796359142103,87830100,0.09802037049062048,0,0
2022-10-05,143.98532104492188,144.94916805569278,140.65123517873155,141.69376449693982,79471000,0.12874751334776333,0,0
2022-10-06,143.03134155273438,145.1065408456924,142.8248135939426,143.40507882099124,68402200,0.11952279906204906,0,0
2022-10-07,137.77943420410156,140.7397986362367,137.14999058855568,140.18902234140444,85925600,0.12172967406204907,0,0
2022-10-10,138.10398864746094,139.54974448383035,136.28451052504542,138.10398864746094,74899000,0.09804228517316016,0,0
2022-10-11,136.6876983642578,139.0186184488053,135.94023899526678,137.59252233949377,77033700,0.0792768685064935,0,0
2022-10-12,136.05828857421875,138.04497594951954,135.88126460377657,136.83526713014228,70433700,0.08036249350649351,0,0
2022-10-13,140.63157653808594,141.2216713360496,132.15374170783133,132.76352584164425,113224000,0.07868314285714285,0,0
2022-10-14,136.09764099121094,142.1363705990491,135.9107723458466,141.92982762072037,88598000,0.09183114285714286,0,0
2022-10-17,140.06117248535156,140.54308109407378,137.9564690521345,138.74327729972725,85250900,0.11038739285714286,0,0
2022-10-18,141.37905883789062,144.2804000004446,138.2908490399077,143.0903655439518,99136600,0.12438926785714285,0,0
2022-10-19,141.4872589111328,142.55927749459596,139.16618275396215,139.35305140756245,61758300,0.12372770941558439,0,0
2022-10-20,141.02499389648438,143.4837601022304,140.29719369702107,140.6611013003117,64522000,0.12243715386002885,0,0
2022-10-21,144.8410186767578,145.4114542957378,140.29720805857093,140.51358070739505,86548600,0.12001138997113996,0,0
2022-10-24,146.98504638671875,147.75218027161432,143.59195189473937,144.76232705447245,75981900,0.1304987233044733,0,0
2022-10-25,149.82736206054688,149.97489702549265,146.89651717711538,147.61447265041116,74732300,0.13017935966810967,0,0
2022-10-26,146.88670349121094,149.48316008121265,145.598297355203,148.4701495749658,88194300,0.11294846681096682,0,0
2022-10-27,142.41175842285156,146.59166146526223,141.75281080290236,145.62782920100577,109180200,0.10688155772005772,0,0
2022-10-28,153.17132568359375,154.9022919241191,145.38195509054958,145.75567739955667,164762400,0.09312022438672438,0,0
2022-10-31,150.81088256835938,151.69604741946125,149.4143051442136,150.6338586024099,97943200,0.14337786327561325,0,0
2022-11-01,148.16525268554688,152.88608702918296,146.6703335656384,152.52219441549877,80379300,0.17374036327561326,0,0
2022-11-02,142.63796997070312,149.66020693618322,142.60846597141662,146.49331428438626,93604600,0.17552098827561324,0,0
2022-11-03,136.5894012451172,140.444745311601,136.46154058499346,139.71694502591794,97918500,0.17699073575036076,0,0
2022-11-04,136.32342529296875,140.54966144424455,132.3828725979919,139.97827949963104,140814800,0.14260416432178932,0,0
2022-11-07,136.85536193847656,137.08193945756335,133.6536636073325,135.07226465763827,83374600,0.13063566432178933,0,0
2022-11-08,137.42672729492188,139.3280360915942,135.44660566800263,138.32320632796907,89908500,0.11706316432178931,0,0
2022-11-09,132.8655548095703,136.49087039963513,132.58971737719733,136.44161049413725,74917800,0.13035895003607503,0,0
2022-11-10,144.6872100830078,144.6872100830078,137.42674799216064,139.14089348616804,118854000,0.1288754884976135,0,0
2022-11-11,147.47518920898438,147.78057965347278,142.2244006682819,143.65286311949495,93979700,0.13690187738650236,0,0
2022-11-14,146.07626342773438,148.04653945457946,145.23889010351994,146.75601106211803,73374100,0.14672954405316901,0,0
2022-11-15,147.8101043701172,151.3073474058049,146.35210428518187,149.95771310615612,89868300,0.14002004405316903,0,0
2022-11-16,146.5786590576172,147.642609775535,145.100952232511,146.91361736230309,64218300,0.12099129405316904,0,0
2022-11-17,148.47999572753906,149.22869517163417,143.9779079987764,144.25374542723313,80389400,0.13348720314407814,0,0
2022-11-18,149.04153442382812,150.43058273283654,147.74115996689468,150.04637948055915,74829600,0.11639478647741146,0,0
2022-11-21,145.81027221679688,148.1351985339266,145.52458880647748,147.928327968664,58724100,0.08924895314407813,0,0
2022-11-22,147.94801330566406,148.1844518302865,144.7463148991296,145.92849249022925,51804100,0.07955770314407812,0,0
2022-11-23,148.82481384277344,149.5735133563615,147.1205141770319,147.22887996484198,58301400,0.08123953647741146,0,0
2022-11-25,145.90878295898438,146.66734339247978,144.9334909730617,146.10580754336945,35195900,0.038607899572649554,0,0
2022-11-28,142.0766143798828,144.4606467175549,141.24910200456142,142.98293960504637,69246000,0.0405175821123321,0,0
2022-11-29,139.07191467285156,142.6578160052338,138.26410941652946,142.14554009146167,83763800,0.030500367826617813,0,0
2022-11-30,145.82997131347656,146.50971891238402,138.4611435666205,139.29850181511986,111380900,0.0253451755189255,0,0
2022-12-01,146.10581970214844,146.91364010696918,144.4310880474874,146.00731491776455,71250400,0.013441532661782652,0,0
2022-12-02,145.6132354736328,145.80041408602733,143.48533393064037,143.7907393167646,65447400,0.005620619200244191,0,0
2022-12-05,144.45077514648438,148.67701012513257,143.60355595085647,145.5738317516645,68826400,0.025152285866910866,0,0
2022-12-06,140.7860565185547,145.11081116378415,139.81076461635996,144.88423366279338,64727200,0.020916452533577535,0,0
2022-12-07,138.8453369140625,141.23921477643742,137.91930489039092,140.07675927915528,69721100,0.00621395253357754,0,0
2022-12-08,140.52992248535156,141.38700272319693,139.00297068921475,140.24423909407787,62128300,0.04094145253357754,0,0
2022-12-09,140.04722595214844,143.4065502421236,138.80594241386282,140.22454358218158,76097000,0.03217020253357754,0,0
2022-12-12,142.34259033203125,142.35243630018152,138.9635592869445,140.5791849523235,70462700,0.014723000152625154,0,0
2022-12-13,143.30801391601562,147.7411345402718,142.0962984876822,147.27811851695523,93886200,0.02826450015262515,0,0
2022-12-14,141.0816192626953,144.48034234830936,139.06208336103646,143.1898139764628,82291200,0.047306833485958474,0,0
2022-12-15,134.4713592529297,139.69259452336593,134.00834311374663,139.01284678575612,98931900,0.06054326205738705,0,0
2022-12-16,132.5109100341797,135.60424282446493,131.74250357896327,134.6585187405124,160156900,0.036224928724053716,0,0
2022-12-19,130.40269470214844,133.19063667083125,129.36831196695024,133.1019778704447,79592600,0.051216595390720376,0,0
2022-12-20,130.3337860107422,131.2696642881948,127.95959935664524,129.43730664694388,77432800,0.061324809676434666,0,0
2022-12-21,133.43695068359375,134.7767390812449,130.77708085896677,131.00365840968308,85928000,0.05856500198412697,0,0
2022-12-22,130.26480102539062,132.56017450128888,128.3634917913713,132.35330392731453,77852100,0.0735185734126984,0,0
2022-12-23,129.90028381347656,130.45195863115794,127.71327647766012,128.97425178436364,63814900,0.09242461507936506,0,0
2022-12-27,128.09747314453125,129.4569681847138,126.80694496905856,129.42741525184118,69007800,0.06879211507936507,0,0
2022-12-28,124.1667938232422,129.08263031505834,123.99932216789122,127.7428420402377,85438400,0.0860906865079365,0,0
2022-12-29,127.68373107910156,128.54079629058208,125.8316744275742,126.08780488461107,75703700,0.06199282936507936,0,0
2022-12-30,127.99897003173828,128.01867700022572,125.53613260725535,126.50157113096992,77034200,0.057090746031746034,0,0
2023-01-03,123.2112045288086,128.9545531314731,122.32457886036784,128.34377240566317,112117500,0.11765241269841269,0,0
2023-01-04,124.4820327758789,126.74785308207224,123.22105739420844,125.00415469022626,89113600,0.09783336507936508,0,0
2023-01-05,123.16194152832033,125.8710708540062,122.90581107632524,125.24058317585433,80962700,0.08461336507936508,0,0
2023-01-06,127.69357299804688,128.3536136037993,123.03387482286254,124.13723200436364,87754700,0.08815436507936507,0,0
2023-01-09,128.2156982421875,131.4272575812406,127.95956778658704,128.530949601707,70790800,0.12644714285714284,0,0
2023-01-10,128.787109375,129.30923140505178,126.21589813764388,128.3240932303102,63896200,0.12401944444444442,0,0
2023-01-11,131.50607299804688,131.52576493439358,128.52110615216108,129.29935853420528,69458900,0.11932094444444444,0,0
2023-01-12,131.42724609375,132.26460425926095,129.48652329837336,131.89026209256642,71379600,0.11625244444444442,0,0
2023-01-13,132.75718688964844,132.914812571895,129.70326821418658,130.0677644513709,57809700,0.11281976587301586,0,0
2023-01-17,133.91966247558594,135.24958975985854,132.1365650960417,132.82615869144374,63646600,0.1107570992063492,0,0
2023-01-18,133.20050048828125,136.54996329562516,133.0231678517452,134.7865730896908,69672800,0.13347159920634918,0,0
2023-01-19,133.25962829589844,134.22505937639417,131.78192122019502,132.0873116107182,58280400,0.1725140992063492,0,0
2023-01-20,135.8209686279297,135.9687483442848,132.22522101014553,133.26946486486585,80223600,0.16751743253968254,0,0
2023-01-23,139.01283264160156,141.18999437445396,135.85053284595898,136.06726442233395,81760300,0.17666071825396823,0,0
2023-01-24,140.4116973876953,141.03233904710638,138.2148441781761,138.22469014521045,66435100,0.19347738492063488,0,0
2023-01-25,139.75164794921875,140.31316867471608,136.7469746734582,138.79606308722262,65799300,0.18961638492063487,0,0
2023-01-26,141.82046508789062,142.10614847767724,139.79106829556534,141.0421976938989,54105100,0.18773846825396823,0,0
2023-01-27,143.76116943359375,145.04185173584784,140.95353538112576,141.03234821855804,70555800,0.21521037301587298,0,0
2023-01-30,140.8747100830078,143.38681456291806,140.7269454208997,142.80558684927905,64015300,0.15889991847041846,0,0
2023-01-31,142.14552307128906,142.19478296648623,140.16540155324287,140.57915761528193,65874500,0.13907891847041842,0,0
2023-02-01,143.26861572265625,144.43108640849707,139.21971287170524,141.83032262446247,77663600,0.1172710613275613,0,0
2023-02-02,148.57850646972656,148.9331416858034,145.96788199485025,146.68702845858084,118339000,0.12076928354978353,0,0
2023-02-03,152.20379638671875,155.04099817815143,145.6329287931528,145.82995335488886,154357300,0.12973492640692638,0,0
2023-02-06,149.47499084472656,150.82464018350336,148.5391127115985,150.3025182240104,69858300,0.16797845418470417,0,0
2023-02-07,152.35159301757812,152.92297488891165,148.40119485902974,148.40119485902974,83322600,0.1666330256132756,0,0
2023-02-08,149.66213989257812,152.28261017293363,148.92328650742598,151.59301668652708,64120100,0.1492310256132756,0,0
2023-02-09,148.6277618408203,152.0363458567265,148.18445275739066,151.49451696275133,56007100,0.12045685894660892,0,0
2023-02-10,148.99282836914062,149.31842209117474,147.226745512614,147.46354505272012,57450700,0.12788477561327558,0,0
2023-02-13,151.79489135742188,152.19940317198714,148.90402220916044,148.9336202674222,62199000,0.11111883116883114,0,0
2023-02-14,151.153564453125,151.71595766811416,148.8448255867729,150.08798919443248,61707600,0.09217737283549782,0,0
2023-02-15,153.25511169433594,153.4228390365263,150.83784167870803,151.06476513520522,65573800,0.09968170616883114,0,0
2023-02-16,151.6567840576172,154.24178188706213,151.3015922520093,151.45944356730615,68167900,0.09467670616883114,0,0
2023-02-17,150.5122528076172,150.95623873407766,148.83496427712012,150.314927401964,59144100,0.05685480140692639,0,0
2023-02-21,146.49661254882812,149.27895045459564,146.42755543146694,148.19363813923312,58867200,0.14109044642857144,0,0
2023-02-22,146.92088317871094,147.94698436963745,145.19425945136115,146.88140906273446,51011300,0.1265769464285714,0,0
2023-02-23,147.40432739257812,148.33177339849212,145.27319184522457,148.08511286734324,48394200,0.12428273214285712,0,0
2023-02-24,144.75027465820312,145.22385866894857,143.77349352201168,145.1449254913303,55469600,0.1210742321428571,0,0
2023-02-27,145.94412231445312,147.17742514808828,145.480399244609,145.7369358691835,44998500,0.11362966865079363,0,0
2023-02-28,145.44091796875,147.08860849628215,144.86866373473268,145.08572620470352,50547000,0.0904840972222222,0,0
2023-03-01,143.3689727783203,145.26332395747403,143.07297711330398,144.86867310742886,55479000,0.0897140972222222,0,0
2023-03-02,143.96096801757812,144.7502847940671,141.97780754659183,142.4514066454644,52238100,0.08678076388888886,0,0
2023-03-03,149.01254272460938,149.09147589261863,145.36197027021535,146.06247767198354,70732300,0.06969826388888886,0,0
2023-03-06,151.775146484375,154.21215352218627,151.41009374796985,151.7356723720831,87558000,0.10048226388888885,0,0
2023-03-07,149.574951171875,151.9724842932115,149.1112281718285,151.64689058754286,56182000,0.10563983333333331,0,0
2023-03-08,150.82798767089844,151.41997901042942,149.80188641133856,150.76879154793838,47204800,0.11805170833333331,0,0
2023-03-09,148.57843017578125,152.47566345847628,148.2232384177023,151.50875841619168,53833600,0.10136087499999998,0,0
2023-03-10,146.516357421875,148.92376664622063,145.63824652167983,148.20352210122027,68572400,0.09830462499999995,0,0
2023-03-13,148.46005249023438,151.09438534791173,145.72704939093524,145.83558063473313,84457100,0.11154367261904759,0,0
2023-03-14,150.55169677734375,151.35087437586574,148.09496787151124,149.25919818665145,73695900,0.10021033928571425,0,0
2023-03-15,150.9464111328125,151.20293271142558,147.91741204069223,149.1704519790422,77167900,0.06725676785714282,0,0
2023-03-16,153.7681884765625,154.37004080347904,149.6144183096525,150.1274764543104,76161100,0.06986176785714283,0,0
2023-03-17,152.9295196533203,154.64628226147337,152.21913616408204,153.99509488717774,98944600,0.04422376785714284,0,0
2023-03-20,155.29747009277344,155.7118730486912,152.09088307007352,152.99860710640667,73641400,0.010150482142857117,0,0
2023-03-21,157.15232849121094,157.27072070754767,154.44892413015182,155.21851870122467,73938300,0.002909648809523787,0,0
2023-03-22,155.7217559814453,159.97418188471804,155.70201892005895,157.17212136652458,75701800,-0.0029143988095238276,0,0
2023-03-23,156.80702209472656,159.39203464017027,155.57371946683134,156.70836691747317,67622100,0.007761976190476178,0,0
2023-03-24,158.1094207763672,158.19821496579544,155.7414853951506,156.73798864921076,59196500,0.012584476190476179,0,0
2023-03-27,156.1657257080078,158.6224701978729,155.76119879412065,157.80355536791788,52390300,0.02011372619047618,0,0
2023-03-28,155.5441436767578,156.37293460313032,153.8964529365925,155.8598764210837,45992200,0.010395351190476187,0,0
2023-03-29,158.6224365234375,158.89869507550165,157.22140670798015,157.24112870815475,51305700,0.004232781746031741,0,0
2023-03-30,160.19122314453125,160.29975438530866,159.1157867936236,159.37230833774987,49501700,0.009330698412698407,0,0
2023-03-31,162.69729614257812,162.7959663866168,159.74724553838644,160.27016471086742,68749800,0.010153198412698409,0,0
2023-04-03,163.95033264160156,164.06872488806627,162.0263833617239,162.07571848273926,56976200,0.06487181746031745,0,0
2023-04-04,163.4175262451172,164.6113546852389,162.90446816785283,164.37457023031905,46278300,0.07154872222222221,0,0
2023-04-05,161.572509765625,162.84528654392068,159.63869962188485,162.53942989245922,51511700,0.07754967460317459,0,0
2023-04-06,162.46051025390625,162.75650592852264,159.83603835658786,160.2602872813979,45390100,0.11040538888888889,0,0
2023-04-10,159.86558532714844,159.86558532714844,157.9416366394643,159.26373316792822,47716900,0.11996336507936507,0,0
2023-04-11,158.65206909179688,160.1912285181147,158.3659344224378,160.18136751588224,47644200,0.1410659841269841,0,0
2023-04-12,157.96139526367188,159.8952052146149,157.64566258721274,159.0664295213536,50133100,0.1582436091269841,0,0
2023-04-13,163.3484649658203,163.58526449148977,159.26376724154565,159.47096870837692,68445600,0.15520396626984123,0,0
2023-04-14,163.00314331054688,164.0983166124722,161.63171143290737,162.39141498863978,49386500,0.18174146626984125,0,0
2023-04-17,163.02288818359375,163.18075455042484,161.83892054229136,162.8847588763579,41516200,0.15398934126984126,0,0
2023-04-18,164.24630737304688,165.1737533320214,163.4372536454433,163.88125462301093,49923000,0.16175592857142854,0,0
2023-04-19,165.39080810546875,165.91372717633618,163.32871482350347,163.58525138616776,47720200,0.16571537301587297,0,0
2023-04-20,164.42391967773438,165.6276243886042,163.3484832728481,163.87140244421354,52456400,0.174831623015873,0,0
2023-04-21,162.81568908691406,164.226580111448,162.29276996055185,162.84528714652217,58337300,0.162566623015873,0,0
2023-04-24,163.12156677246094,163.38796439824753,161.7007995082206,162.79597301982534,41949600,0.20072103968253968,0,0
2023-04-25,161.58238220214844,164.08844653165775,161.54290808705858,162.98341218856248,48714100,0.18697092063492063,0,0
2023-04-26,161.572509765625,163.07221001839787,160.625341751742,160.8818632857178,45498800,0.19553395634920634,0,0
2023-04-27,166.160400390625,166.3083906842776,162.98341161052969,162.98341161052969,64902300,0.21138728968253967,0,0
2023-04-28,167.41342163085938,167.5811640335514,165.63747792316207,166.23933019675923,55275900,0.20221728968253969,0,0
2023-05-01,167.3246307373047,168.17314354860417,166.387323749872,167.0187740939811,52472900,0.2292001468253968,0,0
2023-05-02,166.28866577148438,168.07450075678005,165.3020235951721,167.81796415576136,48425700,0.19749752777777774,0,0
2023-05-03,165.21322631835938,168.63687581044152,164.92710671677185,167.23584575291258,65136000,0.20319452777777774,0,0
2023-05-04,163.5753936767578,164.8086963510818,162.11516752574818,162.68742177323023,81235400,0.18362479563492062,0,0
2023-05-05,171.25146484375,171.9717093122383,168.478988085668,168.69605053726107,113453200,0.16246047745310244,0,0
2023-05-08,171.1824188232422,171.52774960942492,169.81098679048802,170.17603958076435,55962800,0.21254397745310244,0,0
2023-05-09,169.47552490234375,171.22187065365208,169.3077975448434,170.73842563937583,45326900,0.20394183459595955,0,0
2023-05-10,171.24159240722656,171.70531537679722,169.60376298512443,170.70881232248743,53724500,0.2124850091991342,0,0
2023-05-11,171.4290771484375,172.2578529585823,169.87018071223292,171.52774738748727,49514700,0.2154025091991342,0,0
2023-05-12,170.50035095214844,171.97247152405595,168.94917294661113,171.5377460938216,45533100,0.20909167586580085,0,0
2023-05-15,170.00634765625,171.13267487374878,169.4135375098661,171.0832715155854,37266700,0.18831605086580086,0,0
2023-05-16,170.00634765625,171.0635071571624,169.73958158279842,169.92730529834623,42110300,0.16797605086580086,0,0
2023-05-17,170.61892700195312,170.85603902755463,168.37614694646877,169.65068438723694,57951600,0.1686152175324675,0,0
2023-05-18,172.95059204101562,173.13831574371522,170.51021405749552,170.92517510124802,65496700,0.1580004675324675,0,0
2023-05-19,173.05929565429688,174.2745399441767,172.84193292592303,174.2745399441767,55809500,0.15284141991341987,0,0
2023-05-22,172.11077880859375,172.61467191708667,171.36977372037438,171.89341610998645,43570900,0.15264766991341988,0,0
2023-05-23,169.50244140625,171.300620989034,169.22580071286586,171.05361929309908,50747300,0.17341683658008658,0,0
2023-05-24,169.77908325195312,170.35212899950594,168.4749221279745,169.03807815911904,45143500,0.15370783658008655,0,0
2023-05-25,170.91531372070312,171.814388514026,169.63090177565675,170.3422679275043,56058300,0.17085721158008657,0,0
2023-05-26,173.32601928710938,173.66195304430255,171.03385143516303,171.24133948884744,54835000,0.18299402976190476,0,0
2023-05-30,175.17359924316406,176.84333305757605,174.45235853913644,174.83768056740178,55964400,0.10609027976190477,0,0
2023-05-31,175.1242218017578,177.19904230758075,174.64009299685546,175.20326416230037,99625300,0.07742786904761904,0,0
2023-06-01,177.9301300048828,177.95976900098933,174.8080250915144,175.5687945017499,68901800,0.06766078571428571,0,0
2023-06-02,178.7798309326172,179.5998784017098,177.1100969959167,178.8588732872537,61996900,0.06953161904761904,0,0
2023-06-05,177.42625427246094,182.7318457046313,175.90471543246178,180.43967788018577,121946500,0.08714499404761904,0,0
2023-06-06,177.06069946289062,177.95977416384898,175.30203354675976,177.81157917901706,64848400,0.0996966607142857,0,0
2023-06-07,175.68734741210938,179.03668930821044,175.19334409365325,176.2999067027438,61944600,0.1060399684065934,0,0
2023-06-08,178.40438842773438,178.67113939917255,175.3316867918341,175.76639710388454,50214900,0.11604943269230768,0,0
2023-06-09,178.78970336914062,180.04446105377914,178.46365934119785,179.3232203666376,48900000,0.13251243269230767,0,0
2023-06-12,181.5857696533203,181.68457636718009,178.7995982167716,179.09600328256303,54274900,0.12723784935897436,0,0
2023-06-13,181.1115570068359,181.94147925145757,180.2519957588914,180.6076788745564,54929100,0.13284951602564102,0,0
2023-06-14,181.74386596679688,182.17859141427,179.8370198890403,181.1708201565631,57462900,0.1388211826923077,0,0
2023-06-15,183.77915954589844,184.2830527175275,181.5759083620863,181.75375744495216,65433200,0.13051284935897434,0,0
2023-06-16,182.70220947265625,184.7473907159192,182.0600111046737,184.4904993080967,101256200,0.10863909935897434,0,0
2023-06-20,182.7911071777344,183.86804589731415,182.19831222578372,182.19831222578372,49799100,0.15489909935897433,0,0
2023-06-21,181.75375366210935,183.18636063386023,180.40017397466633,182.68246747271863,49515700,0.16050722435897433,0,0
2023-06-22,184.75726318359375,184.8066665365007,181.4671988803744,181.53636658960147,51245300,0.15948705769230767,0,0
2023-06-23,184.44110107421875,185.31055187722217,182.79113153727351,183.3246636484937,53117000,0.15231991483516483,0,0
2023-06-26,183.04803466796875,185.79469252512132,183.0085059512365,184.58932295318664,48088700,0.13025403983516481,0,0
2023-06-27,185.8045654296875,186.1306094986342,183.4432296659109,183.66059237854205,50730800,0.11621820650183148,0,0
2023-06-28,186.98028564453125,187.6224840299043,185.3500804657921,185.67610944091012,51216800,0.10557089880952382,0,0
2023-06-29,187.31622314453125,187.7904773075337,186.67402469467496,186.8123450566035,46347300,0.09388500595238095,0,0
2023-06-30,191.64370727539065,192.1475853872896,188.9662018357955,189.33177465497505,85213200,0.08574486309523807,0,0
2023-07-03,190.1517791748047,191.5547469022835,189.4601624130482,191.45594020037944,31458200,0.09458586309523807,0,0
2023-07-05,189.03533935546875,190.66554451499093,188.33384790710164,189.27246641036476,46920300,0.10505377976190473,0,0
2023-07-06,189.5095672607422,189.71705530606508,186.93086910885413,187.56319280899055,45094300,0.0943338988095238,0,0
2023-07-07,188.39312744140625,190.35926638037827,187.95841711755844,189.11438325252212,46815000,0.09177473214285711,0,0
2023-07-10,186.34799194335935,187.7114463622765,184.7968137913114,186.9901904322695,59922200,0.15005535714285712,0,0
2023-07-11,185.82432556152344,187.0296950947768,184.3620796809065,186.8913747422291,46638100,0.14722973214285712,0,0
2023-07-12,187.4940643310547,189.4009103170613,186.20965240962747,187.40513225686783,60750200,0.15638056547619045,0,0
2023-07-13,188.2548370361328,188.897050597116,187.50395718374455,188.2153233916027,41342300,0.16980106547619048,0,0
2023-07-14,188.4030303955078,188.88714410801785,187.35574553686783,187.94854060692288,41616200,0.16593945833333332,0,0
2023-07-17,191.66346740722656,191.98951149918832,189.50960448705808,189.59852149146877,50520200,0.19130731547619045,0,0
2023-07-18,191.4065399169922,191.9993499863452,190.11225351055063,191.0311076104692,48288200,0.21186794047619045,0,0
2023-07-19,192.7601318359375,195.85258285437448,190.3395031262878,190.7841182449009,80507300,0.20991794047619047,0,0
2023-07-20,190.8137664794922,194.11370571807572,190.1913173439326,192.7502514500073,59581200,0.21614731547619045,0,0
2023-07-21,189.6380157470703,192.63167495782977,188.9365243295844,191.77211391982547,71951700,0.22193145833333333,0,0
2023-07-24,190.4383087158203,192.57240699977407,189.94430532096737,191.09039681521512,45377800,0.1488818869047619,0,0
2023-07-25,191.29786682128903,192.1080396126164,190.6062650944163,191.01135149007996,37283200,0.17087962499999998,0,0
2023-07-26,192.1673583984375,193.29368575722708,191.00151739363343,191.34731079257816,47471900,0.175912875,0,0
2023-07-27,190.90267944335935,194.8349423755621,190.24071668140024,193.66910156142777,47460200,0.1852171607142857,0,0
2023-07-28,193.4813690185547,194.2717774555962,191.81163515269853,192.33527753863385,48291400,0.18947680357142857,0,0
2023-07-31,194.09393310546875,194.13346181996275,192.918202599764,193.70861105598289,38824100,0.18010293993506493,0,0
2023-08-01,193.26402282714844,194.37058568804017,192.93797875368105,193.88647197429415,35175100,0.1778314816017316,0,0
2023-08-02,190.2703399658203,192.8391484466102,189.5490992662055,192.70082810591987,50389300,0.1746708566017316,0,0
2023-08-03,188.87725830078125,190.0628634465897,188.40301925761537,189.27247006657564,61235200,0.17505593235930733,0,0
2023-08-04,179.807373046875,185.13272939460776,179.7382053306166,183.2950360404776,115956800,0.15989218235930736,0,0
2023-08-07,176.70504760742188,180.93371611312844,175.22303719441848,179.94570917112617,97576100,0.15509878950216452,0,0
2023-08-08,177.64364624023438,178.1080106961072,175.45026968400623,177.53496487660905,67823000,0.15141405735930738,0,0
2023-08-09,176.0529327392578,178.76006170176663,174.88707688488682,178.70078370635215,60378500,0.12227489069264068,0,0
2023-08-10,175.83558654785156,178.58224448237493,175.4700288246158,177.32747151707323,54686900,0.1441721525974026,0,0
2023-08-11,175.8949432373047,176.71609814181758,174.66816996475507,175.42996682009905,52036700,0.13449694426406927,0,0
2023-08-14,177.547119140625,177.77466331376394,175.42002721282074,176.07299580997798,43675600,0.16047434902597402,0,0
2023-08-15,175.55856323242188,177.56692432110015,175.1628328578025,176.9733287591711,43622600,0.14886950775613275,0,0
2023-08-16,174.68795776367188,176.63694575843348,174.61869664349865,175.24198634047178,46964900,0.15648236489898987,0,0
2023-08-17,172.14532470703125,175.6179059949575,171.6308631878828,175.25185467548476,66062900,0.1421996506132756,0,0
2023-08-18,172.630126953125,173.23362560342792,170.12709527960956,170.46346761685473,61172200,0.14466857918470416,0,0
2023-08-21,173.96571350097656,174.2526308376999,171.88810651020768,173.2039318191006,46311900,0.16530357918470415,0,0
2023-08-22,175.3408966064453,175.78609702554508,174.37134667878323,175.17271045239184,42038900,0.1620029428210678,0,0
2023-08-23,179.189453125,179.61487764306722,176.4291981302873,176.61717535249278,52722800,0.16054877615440116,0,0
2023-08-24,174.49996948242188,179.16966018527063,174.13390304899033,178.74423570753817,54945800,0.14719074044011543,0,0
2023-08-25,176.70620727539062,177.2404448053197,173.9459523611551,175.4893219988908,51449600,0.14451268849206347,0,0
2023-08-28,178.26937866210938,178.66510907128173,176.64685983066678,178.17043851174256,43820700,0.1620355496031746,0,0
2023-08-29,182.1574859619141,182.92917084382844,177.58673472347547,177.78459993235006,53003900,0.16374456746031746,0,0
2023-08-30,185.64984130859375,185.84772159478027,182.77087033679464,182.9687355268348,60813900,0.15714644246031745,0,0
2023-08-31,185.8675079345703,187.10418431162185,185.4816655087761,185.83782890921285,60794500,0.16858035912698413,0,0
2023-09-01,187.44053649902344,187.8956248663274,186.27310636870047,187.47021551879783,45766500,0.15340893055555554,0,0
2023-09-05,187.677978515625,187.9549927788335,185.61025951662367,186.27311615331163,45280000,0.23312897023809526,1,1
2023-09-06,180.9603729248047,186.8370611072444,179.53571941437733,186.3918455631262,81755800,0.23432725306637808,1,1
2023-09-07,175.66738891601562,176.310469636045,171.69023379276553,173.312752460059,112488800,0.21011170684789068,1,1
2023-09-08,176.28077697753906,178.3188321743013,175.89493458078306,176.4489782367689,65551300,0.2031487544669383,1,1
2023-09-11,177.4481964111328,178.37817933531872,175.44972343125323,178.15063513987275,58953100,0.1591185560542399,1,1
2023-09-12,174.4208526611328,178.2100311835526,172.9566319449459,177.5768534336219,90370200,0.14807747913116295,1,1
2023-09-13,172.3531036376953,175.4101637291933,172.12554433664133,174.62857587906927,84267900,0.15248886802005185,0,0
2023-09-14,173.86679077148438,174.22295413122683,171.72981061302968,172.14533201670497,60895800,0.15647046142664528,0,0
2023-09-15,173.14456176757812,174.61868528190746,171.967258666553,174.59889423512476,109259500,0.14035315983934368,0,0
2023-09-18,176.07302856445312,177.46800307348116,174.2922116482627,174.59890495957814,67257600,0.11976454872823254,0,0
2023-09-19,177.16131591796875,177.71534451200176,175.24199179139225,175.62783421196144,51826900,0.12060304872823255,0,0
2023-09-20,173.6194610595703,177.78457830053213,173.5304088946865,177.3492658362857,58436200,0.10962954872823256,0,0
2023-09-21,172.07606506347656,174.42081339229338,172.00681904661934,172.6894667209782,63149100,0.09283704872823255,0,0
2023-09-22,172.9269256591797,175.19252525078977,172.19482290064929,172.80820955696336,56725400,0.07569704872823255,0,0
2023-09-25,174.20314025878906,175.0836530194257,172.2937045509844,172.34317461316155,46172700,0.024305104283788105,0,0
2023-09-26,170.12709045410156,173.3325457352886,169.83028512536117,172.95660640862047,64588900,0.03896404367772749,0,0
2023-09-27,168.61338806152344,171.19556880826096,167.24810767663843,170.78004737841366,66921800,0.050051161324786306,0,0
2023-09-28,168.87060546875,170.19631868961176,165.83332157268651,167.53498917707262,56294400,0.06112482799145298,0,0
2023-09-29,169.3850860595703,171.2252609973693,168.5243490895999,170.18644988639232,51861100,0.0632481613247863,0,0
2023-10-02,171.89801025390625,172.44215085955082,169.10806120104496,169.39497856408786,52164500,0.07209012713675213,0,0
2023-10-03,170.56239318847656,171.77929356494764,168.9992475938596,170.42388604353025,49594600,0.06477846047008545,0,0
2023-10-04,171.80897521972656,172.35311583182798,169.14764530465982,169.26636140324675,53020300,0.07796990277777775,0,0
2023-10-05,173.045654296875,173.5798918450903,170.83941278902026,171.93758200671277,48527900,0.10177207449494947,0,0
2023-10-06,175.59812927246094,176.09279974358,171.33405713065292,171.947458780219,57266700,0.10240657449494947,0,0
2023-10-09,177.08218383789062,177.14154189350634,173.92618304770127,174.92541220824572,42390800,0.12647494949494947,0,0
2023-10-10,176.48855590820312,177.80438136546655,176.0532434145344,176.20165363527434,43698000,0.13710494949494947,0,0
2023-10-11,177.88352966308594,177.9329997364432,175.7069823006886,176.30057789253502,47551100,0.1487562956487956,0,0
2023-10-12,178.7838134765625,180.39642899359671,177.13160077070958,178.1506358590928,56743100,0.14537679564879563,0,0
2023-10-13,176.94366455078125,179.9908219020002,176.24122571645097,179.48626336769357,51427100,0.12827179564879562,0,0
2023-10-16,176.8150177001953,177.17118104988546,174.6285675347915,174.86601479996662,52517000,0.15410573504273503,0,0
2023-10-17,175.26174926757812,176.51821654411026,172.93680701299223,174.7670787756051,57549400,0.15343384615384612,0,0
2023-10-18,173.96571350097656,175.68717223288098,173.2434988158149,173.70849028197048,54764400,0.14916884615384615,0,0
2023-10-19,173.58978271484375,175.9444040866048,173.32265641144056,174.16358722416024,59302900,0.1573675128205128,0,0
2023-10-20,171.0373077392578,173.55022768989312,170.7998604218469,173.44139955643163,64244000,0.1532137628205128,0,0
2023-10-23,171.15599060058594,172.15521956196545,168.11870652701532,169.08827156264798,55980100,0.16626070726495729,0,0
2023-10-24,171.59129333496094,171.81883752196748,169.6224994494151,171.20545097606092,43816600,0.15491767155067154,0,0
2023-10-25,169.27626037597656,171.21536038795298,168.83104482476435,170.04794519039626,57157000,0.15224794427794427,0,0
2023-10-26,165.1111297607422,169.55327657792432,163.90413245355498,168.55403244057868,70625300,0.15296719427794428,0,0
2023-10-27,166.4269256591797,167.1590433521086,165.05174242645683,165.13089150916355,58499100,0.12815369427794426,0,0
2023-10-30,168.47488403320312,169.3455090048735,167.07002152646473,167.218431744534,51131000,0.12419961094461093,0,0
2023-10-31,168.94976806640625,169.07837213199355,166.1103491096919,167.54490564738762,44846000,0.11335520923520923,0,0
2023-11-01,172.1156463623047,172.37286957481675,168.30667766450742,169.1773025316942,56934900,0.1196322092352092,0,0
2023-11-02,175.67727661132812,175.88502975328987,173.5897666401313,173.64912468069178,77334800,0.10942925468975469,0,0
2023-11-03,174.76708984375,174.93529110628108,171.5022764668811,172.3827893945109,79829200,0.10538513704269585,0,0
2023-11-06,177.31961059570312,177.51747580704054,174.33181118336782,174.49999736781203,63841300,0.10273379865885748,0,0
2023-11-07,179.8820037841797,180.4953904276926,177.06237564620827,177.27012882075113,70530000,0.08551279865885748,0,0
2023-11-08,180.9405975341797,181.4946261481432,179.6544510539658,180.40635996961416,49340300,0.07895996532552414,0,0
2023-11-09,180.46571350097656,182.15747832651147,179.87210280308707,181.00985412468407,53763500,0.09183538199219081,0,0
2023-11-10,184.65611267089844,184.8245355233408,181.81296804065445,182.2488540012565,66133400,0.08334238199219082,0,0
2023-11-13,183.07107543945312,184.2895637344097,182.48659891185952,184.0815368898242,43627500,0.0673986319921908,0,0
2023-11-14,185.68638610839844,186.35011603301572,184.55705211313364,185.94394820695575,60108400,0.09218125103980986,0,0
2023-11-15,186.2510528564453,187.72711849110289,186.0232088712412,186.09256123667055,53790500,0.08692908437314319,0,0
2023-11-16,187.93516540527344,189.173470968727,186.88506958999568,187.79647578680803,54412900,0.10388997723028603,0,0
2023-11-17,187.9153594970703,188.5989066274509,186.80584248313983,188.47011800403556,50922700,0.11853297723028604,0,0
2023-11-20,189.65887451171875,190.1145776039652,188.10357060538217,188.11347160798348,46505100,0.1179836438969527,0,0
2023-11-21,188.85646057128903,189.7282325393205,187.9648865974642,189.61926104331656,38134500,0.11174918556361937,0,0
2023-11-22,189.52017211914065,191.12501116236683,189.04466705374648,189.69849596618437,39617700,0.10157974111917493,0,0
2023-11-24,188.19273376464844,189.1140258787283,187.47946852715137,189.0843077535022,24048300,0.10566519566462947,0,0
2023-11-27,188.0144195556641,188.88619158317397,187.1327465245819,188.1432081822833,40552600,0.11322056331168831,0,0
2023-11-28,188.6186981201172,189.29234420962143,187.62805366546104,188.0045033953615,38415400,0.1419634204545454,0,0
2023-11-29,187.5983428955078,190.29289712708973,187.202091144525,189.1140277612682,43014200,0.121933875,0,0
2023-11-30,188.1728973388672,188.53944603911236,186.42936866830843,188.06392585220516,48794400,0.1511371477272727,0,0
